Site,Species,Treatment,PAM,Replicate,Geno,Color_1,Color_2,ColorChange
Floreana,Pocillopora_sp,26,0.552,A,8,5,3.5,-1.5
Floreana,Pavona_clavus,26,0.511,A,7,6,5.5,-0.5
Floreana,Pocillopora_sp,26,0.612,A,5,5.5,3.5,-2
Floreana,Pocillopora_sp,26,0.559,A,2,5.5,3.5,-2
Floreana,Pocillopora_sp,26,0.589,A,7,4.5,3,-1.5
Floreana,Pavona_clavus,26,0.556,A,8,5.5,5,-0.5
Floreana,Pocillopora_sp,26,0.56,A,3,5.5,3.5,-2
Floreana,Pocillopora_sp,26,0.571,A,1,5.5,3.5,-2
Floreana,Pavona_clavus,26,0.529,A,2,5,4.5,-0.5
Floreana,Pocillopora_sp,26,0.516,A,6,3.5,2,-1.5
Floreana,Pavona_clavus,26,0.455,A,1,4,2.5,-1.5
Floreana,Pavona_clavus,26,0.55,A,5,4.5,2.5,-2
Floreana,Pavona_clavus,26,0.544,A,4,4.5,2.5,-2
Floreana,Pavona_clavus,26,0.518,A,6,5.5,5.5,0
Floreana,Pavona_clavus,26,0.542,A,3,4.5,4,-0.5
Floreana,Pocillopora_sp,26,0.556,A,4,5.5,3,-2.5
Floreana,Pavona_clavus,34,0.518,A,4,4.5,4.5,0
Floreana,Pocillopora_sp,34,0.605,A,1,5.5,4.5,-1
Floreana,Pocillopora_sp,34,0.557,A,7,5.5,3.5,-2
Floreana,Pocillopora_sp,34,0.57,A,4,5.5,3.5,-2
Floreana,Pavona_clavus,34,0.484,A,7,5.5,4.5,-1
Floreana,Pocillopora_sp,34,0.583,A,5,5.5,5,-0.5
Floreana,Pavona_clavus,34,0.502,A,8,5,4.5,-0.5
Floreana,Pavona_clavus,34,0.484,A,5,3,2.5,-0.5
Floreana,Pavona_clavus,34,0.514,A,3,5.5,5,-0.5
Floreana,Pavona_clavus,34,0.505,A,6,5.5,5,-0.5
Floreana,Pocillopora_sp,34,0.58,A,3,5.5,3,-2.5
Floreana,Pocillopora_sp,34,0.506,A,6,5.5,4.5,-1
Floreana,Pocillopora_sp,34,0.57,A,8,5.5,5,-0.5
Floreana,Pavona_clavus,34,0.478,A,2,4.5,4,-0.5
Floreana,Pocillopora_sp,34,0.6,A,2,NA,NA,NA
Floreana,Pavona_clavus,34,0.507,A,1,4,3,-1
Floreana,Pavona_clavus,32.5,0.518,A,2,3,3,0
Floreana,Pavona_clavus,32.5,0.539,A,7,5,5,0
Floreana,Pocillopora_sp,32.5,0.57,A,8,5,3.5,-1.5
Floreana,Pocillopora_sp,32.5,0.606,A,7,4.5,3,-1.5
Floreana,Pavona_clavus,32.5,0.518,A,8,5,4.5,-0.5
Floreana,Pavona_clavus,32.5,0.509,A,6,5,5,0
Floreana,Pocillopora_sp,32.5,0.546,A,6,3,4,1
Floreana,Pocillopora_sp,32.5,0.598,A,2,3,3,0
Floreana,Pocillopora_sp,32.5,0.594,A,1,3,3,0
Floreana,Pocillopora_sp,32.5,0.587,A,3,3,3.5,0.5
Floreana,Pavona_clavus,32.5,0.55,A,5,3,2.5,-0.5
Floreana,Pocillopora_sp,32.5,0.556,A,5,4,3,-1
Floreana,Pavona_clavus,32.5,0.517,A,1,3.5,2,-1.5
Floreana,Pocillopora_sp,32.5,0.589,A,4,3,3.5,0.5
Floreana,Pavona_clavus,32.5,0.54,A,4,4,2,-2
Floreana,Pavona_clavus,32.5,0.531,A,3,4,2.5,-1.5
Floreana,Pocillopora_sp,26,0.598,B,8,3.5,3,-0.5
Floreana,Pavona_clavus,26,0.541,B,2,4,3.5,-0.5
Floreana,Pavona_clavus,26,0.551,B,5,2.5,2.5,0
Floreana,Pocillopora_sp,26,0.59,B,3,3.5,3,-0.5
Floreana,Pavona_clavus,26,0.542,B,6,5,4,-1
Floreana,Pocillopora_sp,26,0.596,B,1,2.5,2.5,0
Floreana,Pocillopora_sp,26,0.576,B,2,3,2.5,-0.5
Floreana,Pocillopora_sp,26,0.584,B,5,3.5,3.5,0
Floreana,Pocillopora_sp,26,0.6,B,7,4,3.5,-0.5
Floreana,Pocillopora_sp,26,0.616,B,4,3,3,0
Floreana,Pocillopora_sp,26,0.582,B,6,3,2.5,-0.5
Floreana,Pavona_clavus,26,0.533,B,4,4.5,2.5,-2
Floreana,Pavona_clavus,26,0.559,B,8,5,3.5,-1.5
Floreana,Pavona_clavus,26,0.547,B,3,4,3,-1
Floreana,Pavona_clavus,26,0.54,B,7,5.5,5,-0.5
Floreana,Pavona_clavus,26,0.514,B,1,1.5,1.5,0
Floreana,Pavona_clavus,34,0.501,B,7,5,4,-1
Floreana,Pavona_clavus,34,0.507,B,1,4.5,2,-2.5
Floreana,Pavona_clavus,34,0.531,B,8,4.5,2.5,-2
Floreana,Pavona_clavus,34,0.523,B,3,4.5,3.5,-1
Floreana,Pocillopora_sp,34,0.565,B,4,3,3,0
Floreana,Pavona_clavus,34,0.491,B,2,3.5,3,-0.5
Floreana,Pocillopora_sp,34,0.549,B,2,3,2.5,-0.5
Floreana,Pavona_clavus,34,0.509,B,6,5,3.5,-1.5
Floreana,Pavona_clavus,34,0.498,B,5,3.5,2.5,-1
Floreana,Pocillopora_sp,34,0.553,B,3,3,3,0
Floreana,Pavona_clavus,34,0.511,B,4,4,2.5,-1.5
Floreana,Pocillopora_sp,34,0.602,B,8,3,3,0
Floreana,Pocillopora_sp,34,0.565,B,6,3,3,0
Floreana,Pocillopora_sp,34,0.458,B,5,3,2.5,-0.5
Floreana,Pocillopora_sp,34,0.59,B,7,4.5,2.5,-2
Floreana,Pocillopora_sp,34,0.59,B,1,3,3,0
Floreana,Pocillopora_sp,32.5,0.534,B,6,3,2.5,-0.5
Floreana,Pavona_clavus,32.5,0.519,B,2,3,3,0
Floreana,Pocillopora_sp,32.5,0.578,B,7,3,2.5,-0.5
Floreana,Pocillopora_sp,32.5,0.598,B,5,3,2.5,-0.5
Floreana,Pocillopora_sp,32.5,0.537,B,4,3,3,0
Floreana,Pocillopora_sp,32.5,0.59,B,8,3,3,0
Floreana,Pavona_clavus,32.5,0.511,B,7,4.5,4,-0.5
Floreana,Pocillopora_sp,32.5,0.543,B,3,3,2.5,-0.5
Floreana,Pocillopora_sp,32.5,0.574,B,1,3,2.5,-0.5
Floreana,Pavona_clavus,32.5,0.537,B,5,3.5,2,-1.5
Floreana,Pavona_clavus,32.5,0.546,B,3,4,3,-1
Floreana,Pocillopora_sp,32.5,0.584,B,2,3,2,-1
Floreana,Pavona_clavus,32.5,0.503,B,6,5,4.5,-0.5
Floreana,Pavona_clavus,32.5,0.506,B,8,4.5,3,-1.5
Floreana,Pavona_clavus,32.5,0.491,B,1,3,2.5,-0.5
Floreana,Pavona_clavus,32.5,0.504,B,4,2.5,2,-0.5
Floreana,Pocillopora_sp,31,0.598,B,4,3,3,0
Floreana,Pavona_clavus,31,0.525,B,7,4,4,0
Floreana,Pavona_clavus,31,0.529,B,8,5,5,0
Floreana,Pavona_clavus,31,0.531,B,6,6,5,-1
Floreana,Pavona_clavus,31,0.493,B,1,3,2,-1
Floreana,Pocillopora_sp,31,0.593,B,8,3,3,0
Floreana,Pocillopora_sp,31,0.594,B,2,3,3,0
Floreana,Pocillopora_sp,31,0.56,B,1,3,3,0
Floreana,Pavona_clavus,31,0.501,B,2,2.5,2,-0.5
Floreana,Pavona_clavus,31,0.547,B,4,3.5,2,-1.5
Floreana,Pavona_clavus,31,0.545,B,5,3,3,0
Floreana,Pocillopora_sp,31,0.585,B,5,3,3,0
Floreana,Pocillopora_sp,31,0.521,B,6,2,2.5,0.5
Floreana,Pavona_clavus,31,0.546,B,5,3.5,2,-1.5
Floreana,Pocillopora_sp,31,0.555,B,3,3,3,0
Floreana,Pocillopora_sp,31,0.607,B,7,3,2.5,-0.5
Floreana,Pocillopora_sp,26,0.549,A,5,2,2,0
Floreana,Pocillopora_sp,26,0.614,A,7,5,4,-1
Floreana,Pavona_clavus,26,0.552,A,7,4,4,0
Floreana,Pocillopora_sp,26,0.622,A,1,3,3,0
Floreana,Pavona_clavus,26,0.524,A,6,5.5,5.5,0
Floreana,Pocillopora_sp,26,0.534,A,6,2,2,0
Floreana,Pocillopora_sp,26,0.627,A,3,3,3,0
Floreana,Pavona_clavus,26,0.542,A,3,3.5,3.5,0
Floreana,Pavona_clavus,26,0.531,A,5,3.5,3,-0.5
Floreana,Pavona_clavus,26,0.522,A,2,2.5,3,0.5
Floreana,Pavona_clavus,26,0.513,A,4,2.5,2.5,0
Floreana,Pavona_clavus,26,0.54,A,8,5.5,5.5,0
Floreana,Pavona_clavus,26,0.498,A,1,2,2,0
Floreana,Pocillopora_sp,26,0.58,A,2,3,3,0
Floreana,Pocillopora_sp,26,0.543,A,4,2.5,3,0.5
Floreana,Pocillopora_sp,26,0.574,A,8,3,3,0
Floreana,Pavona_clavus,16,0.459,A,5,3,3,0
Floreana,Pavona_clavus,16,0.501,A,6,6,5.5,-0.5
Floreana,Pocillopora_sp,16,0.485,A,1,3,2.5,-0.5
Floreana,Pocillopora_sp,16,0.555,A,6,3,3,0
Floreana,Pocillopora_sp,16,0.517,A,8,2.5,2.5,0
Floreana,Pavona_clavus,16,0.506,A,3,2.5,2.5,0
Floreana,Pocillopora_sp,16,0.538,A,4,3,3,0
Floreana,Pocillopora_sp,16,0.52,A,3,2.5,3,0.5
Floreana,Pocillopora_sp,16,0.521,A,7,4,4,0
Floreana,Pocillopora_sp,16,0.546,A,2,3,3.5,0.5
Floreana,Pavona_clavus,16,0.371,A,1,2.5,2,-0.5
Floreana,Pocillopora_sp,16,0.45,A,5,1.5,2,0.5
Floreana,Pavona_clavus,16,0.477,A,4,3.5,3.5,0
Floreana,Pavona_clavus,16,0.454,A,7,3.5,4,0.5
Floreana,Pavona_clavus,16,0.448,A,2,3,3.5,0.5
Floreana,Pavona_clavus,16,0.496,A,8,4,4.5,0.5
Floreana,Pocillopora_sp,14,0.501,A,2,3,2.5,-0.5
Floreana,Pocillopora_sp,14,0.47,A,8,2.5,2,-0.5
Floreana,Pocillopora_sp,14,0.496,A,7,3.5,3.5,0
Floreana,Pavona_clavus,14,0.391,A,5,2.5,2.5,0
Floreana,Pocillopora_sp,14,0.487,A,4,3,2.5,-0.5
Floreana,Pavona_clavus,14,0.493,A,8,5,5,0
Floreana,Pavona_clavus,14,0.474,A,4,3,2,-1
Floreana,Pavona_clavus,14,0.488,A,3,3,2.5,-0.5
Floreana,Pavona_clavus,14,0.448,A,6,5.5,4,-1.5
Floreana,Pavona_clavus,14,0.452,A,2,2.5,2,-0.5
Floreana,Pocillopora_sp,14,0.564,A,6,1.5,1.5,0
Floreana,Pocillopora_sp,14,0.459,A,5,2,2,0
Floreana,Pavona_clavus,14,0.459,A,1,2.5,1.5,-1
Floreana,Pocillopora_sp,14,0.501,A,1,4,3.5,-0.5
Floreana,Pavona_clavus,14,0.396,A,7,4.5,3,-1.5
Floreana,Pocillopora_sp,14,0.52,A,3,3,3,0
Floreana,Pocillopora_sp,12,0.505,A,1,2,2,0
Floreana,Pocillopora_sp,12,0.49,A,6,2,2,0
Floreana,Pavona_clavus,12,0.45,A,5,3,2,-1
Floreana,Pocillopora_sp,12,0.531,A,2,3,2,-1
Floreana,Pocillopora_sp,12,0.467,A,7,2.5,2,-0.5
Floreana,Pavona_clavus,12,0.443,A,6,5.5,5,-0.5
Floreana,Pavona_clavus,12,0.465,A,8,5,4.5,-0.5
Floreana,Pocillopora_sp,12,0.518,A,8,2.5,2.5,0
Floreana,Pavona_clavus,12,0.486,A,1,2,1.5,-0.5
Floreana,Pocillopora_sp,12,0.509,A,4,3,2.5,-0.5
Floreana,Pavona_clavus,12,0.48,A,2,3,3,0
Floreana,Pavona_clavus,12,0.484,A,7,2.5,3,0.5
Floreana,Pocillopora_sp,12,0.473,A,5,2,1.5,-0.5
Floreana,Pavona_clavus,12,0.41,A,3,2.5,2,-0.5
Floreana,Pavona_clavus,12,0.466,A,4,3,3,0
Floreana,Pocillopora_sp,12,0.551,A,3,3.5,3.5,0
Floreana,Pavona_clavus,26,0.486,B,7,3,3,0
Floreana,Pavona_clavus,26,0.531,B,6,5.5,5.5,0
Floreana,Pocillopora_sp,26,0.569,B,2,3,2.5,-0.5
Floreana,Pavona_clavus,26,0.505,B,3,3.5,3.5,0
Floreana,Pavona_clavus,26,0.516,B,8,5.5,5.5,0
Floreana,Pocillopora_sp,26,0.595,B,4,3,3,0
Floreana,Pocillopora_sp,26,0.575,B,8,2.5,2,-0.5
Floreana,Pocillopora_sp,26,0.556,B,5,2,2,0
Floreana,Pavona_clavus,26,0.513,B,4,2.5,2.5,0
Floreana,Pavona_clavus,26,0.516,B,5,3,2.5,-0.5
Floreana,Pocillopora_sp,26,0.551,B,3,2.5,2.5,0
Floreana,Pocillopora_sp,26,0.576,B,1,3,2.5,-0.5
Floreana,Pocillopora_sp,26,0.608,B,7,3,2,-1
Floreana,Pavona_clavus,26,0.522,B,2,4,4,0
Floreana,Pocillopora_sp,26,0.563,B,6,2,2,0
Floreana,Pavona_clavus,26,0.529,B,1,3,2.5,-0.5
Floreana,Pocillopora_sp,16,0.548,B,8,3,2,-1
Floreana,Pocillopora_sp,16,0.439,B,4,2.5,2.5,0
Floreana,Pavona_clavus,16,0.489,B,5,2.5,2.5,0
Floreana,Pavona_clavus,16,0.485,B,1,2.5,1.5,-1
Floreana,Pocillopora_sp,16,0.558,B,2,3.5,3,-0.5
Floreana,Pavona_clavus,16,0.428,B,2,3,2.5,-0.5
Floreana,Pocillopora_sp,16,0.487,B,6,2.5,2,-0.5
Floreana,Pavona_clavus,16,0.479,B,6,5.5,5.5,0
Floreana,Pocillopora_sp,16,0.53,B,3,3,3,0
Floreana,Pavona_clavus,16,0.475,B,4,3,2.5,-0.5
Floreana,Pavona_clavus,16,0.361,B,7,3,3,0
Floreana,Pocillopora_sp,16,0.499,B,1,3,2.5,-0.5
Floreana,Pavona_clavus,16,0.446,B,8,5.5,5.5,0
Floreana,Pocillopora_sp,16,0.465,B,5,1.5,1.5,0
Floreana,Pavona_clavus,16,0.47,B,3,2,1.5,-0.5
Floreana,Pocillopora_sp,16,0.553,B,7,2,1.5,-0.5
Floreana,Pavona_clavus,14,0.47,B,2,4,3,-1
Floreana,Pavona_clavus,14,0.412,B,4,2.5,2.5,0
Floreana,Pocillopora_sp,14,0.503,B,5,1.5,1.5,0
Floreana,Pocillopora_sp,14,0.534,B,4,3,3,0
Floreana,Pocillopora_sp,14,0.464,B,2,2.5,2.5,0
Floreana,Pocillopora_sp,14,0.556,B,8,2,2,0
Floreana,Pavona_clavus,14,0.469,B,5,2,2,0
Floreana,Pocillopora_sp,14,0.535,B,1,3,2.5,-0.5
Floreana,Pocillopora_sp,14,0.575,B,7,2,2,0
Floreana,Pavona_clavus,14,0.447,B,6,6,5.5,-0.5
Floreana,Pocillopora_sp,14,0.476,B,6,2,2,0
Floreana,Pocillopora_sp,14,0.531,B,3,2.5,2.5,0
Floreana,Pavona_clavus,14,0.476,B,8,4.5,4.5,0
Floreana,Pavona_clavus,14,0.472,B,1,2,1.5,-0.5
Floreana,Pavona_clavus,14,0.528,B,7,4.5,4.5,0
Floreana,Pavona_clavus,14,0.462,B,3,4,2.5,-1.5
Floreana,Pavona_clavus,12,0.457,B,2,3.5,2,-1.5
Floreana,Pavona_clavus,12,0.44,B,3,4,3,-1
Floreana,Pavona_clavus,12,0.442,B,4,2.5,2,-0.5
Floreana,Pocillopora_sp,12,0.495,B,6,2,1.5,-0.5
Floreana,Pocillopora_sp,12,0.487,B,5,2.5,1.5,-1
Floreana,Pavona_clavus,12,0.5,B,8,5,4,-1
Floreana,Pocillopora_sp,12,0.578,B,3,3,3,0
Floreana,Pavona_clavus,12,0.49,B,7,2.5,2,-0.5
Floreana,Pocillopora_sp,12,0.55,B,8,2.5,1.5,-1
Floreana,Pocillopora_sp,12,0.538,B,2,3,2,-1
Floreana,Pavona_clavus,12,0.466,B,6,5,4.5,-0.5
Floreana,Pavona_clavus,12,0.487,B,5,2.5,2.5,0
Floreana,Pocillopora_sp,12,0.531,B,1,2,1.5,-0.5
Floreana,Pocillopora_sp,12,0.469,B,7,2.5,1.5,-1
Floreana,Pocillopora_sp,12,0.534,B,4,3,3,0
Floreana,Pavona_clavus,12,0.421,B,1,2,1.5,-0.5
Isabela,Pavona_clavus,26,0.499,A,2,5.5,5,-0.5
Isabela,Pavona_clavus,26,0.566,A,8,4.5,3.5,-1
Isabela,Pocillopora_sp,26,0.581,A,1,5,4,-1
Isabela,Pavona_clavus,26,0.508,A,5,2.5,3,0.5
Isabela,Pocillopora_sp,26,0.617,A,4,3,2.5,-0.5
Isabela,Pocillopora_sp,26,0.594,A,6,2.5,2.5,0
Isabela,Pocillopora_sp,26,0.599,A,7,3.5,2.5,-1
Isabela,Pavona_clavus,26,0.488,A,6,2.5,3,0.5
Isabela,Pocillopora_sp,26,0.627,A,2,3,4.5,1.5
Isabela,Pavona_clavus,26,0.572,A,4,5,4.5,-0.5
Isabela,Pavona_clavus,26,0.576,A,1,5.5,5,-0.5
Isabela,Pavona_clavus,26,0.508,A,7,2.5,3,0.5
Isabela,Pavona_clavus,26,0.489,A,3,2,2,0
Isabela,Pocillopora_sp,26,0.604,A,3,3,2.5,-0.5
Isabela,Pocillopora_sp,26,0.625,A,8,3,2.5,-0.5
Isabela,Pocillopora_sp,26,0.549,A,5,3.5,3.5,0
Isabela,Pocillopora_sp,32.5,0.601,A,6,4,3.5,-0.5
Isabela,Pocillopora_sp,32.5,0.625,A,3,3.5,3.5,0
Isabela,Pavona_clavus,32.5,0.495,A,2,6,6,0
Isabela,Pocillopora_sp,32.5,0.595,A,1,2,2.5,0.5
Isabela,Pavona_clavus,32.5,0.551,A,7,5.5,5,-0.5
Isabela,Pavona_clavus,32.5,0.554,A,4,5,5,0
Isabela,Pavona_clavus,32.5,0.531,A,6,2,2,0
Isabela,Pavona_clavus,32.5,0.547,A,3,3,3,0
Isabela,Pocillopora_sp,32.5,0.589,A,7,3,3,0
Isabela,Pocillopora_sp,32.5,0.491,A,4,3,3,0
Isabela,Pocillopora_sp,32.5,0.6,A,8,2.5,2.5,0
Isabela,Pocillopora_sp,32.5,0.538,A,5,3,3,0
Isabela,Pavona_clavus,32.5,0.553,A,8,2.5,3,0.5
Isabela,Pavona_clavus,32.5,0.553,A,5,5.5,5,-0.5
Isabela,Pavona_clavus,32.5,0.48,A,1,5,5,0
Isabela,Pocillopora_sp,32.5,0.614,A,2,3.5,2.5,-1
Isabela,Pocillopora_sp,34,0.389,A,4,3,3,0
Isabela,Pocillopora_sp,34,0.59,A,2,3,2.5,-0.5
Isabela,Pavona_clavus,34,0.51,A,8,2.5,2,-0.5
Isabela,Pocillopora_sp,34,0.546,A,5,3,2.5,-0.5
Isabela,Pocillopora_sp,34,0.331,A,3,3,2,-1
Isabela,Pavona_clavus,34,0.533,A,5,4.5,2.5,-2
Isabela,Pavona_clavus,34,0.408,A,4,2.5,2,-0.5
Isabela,Pavona_clavus,34,0.477,A,2,5,4,-1
Isabela,Pocillopora_sp,34,0.504,A,6,2.5,2,-0.5
Isabela,Pavona_clavus,34,0.52,A,6,2.5,1.5,-1
Isabela,Pavona_clavus,34,0.548,A,1,3.5,2,-1.5
Isabela,Pocillopora_sp,34,0.547,A,7,2.5,2,-0.5
Isabela,Pocillopora_sp,34,0.571,A,1,2.5,2,-0.5
Isabela,Pocillopora_sp,34,0.561,A,8,3,2,-1
Isabela,Pavona_clavus,34,0.532,A,3,3,2,-1
Isabela,Pavona_clavus,34,0.501,A,7,2.5,2.5,0
Isabela,Pavona_clavus,35.5,0.429,A,5,2.5,1,-1.5
Isabela,Pocillopora_sp,35.5,0.443,A,1,3.5,1,-2.5
Isabela,Pavona_clavus,35.5,0.261,A,6,2.5,1,-1.5
Isabela,Pavona_clavus,35.5,0.256,A,3,2.5,2,-0.5
Isabela,Pocillopora_sp,35.5,0.482,A,7,2.5,1.5,-1
Isabela,Pavona_clavus,35.5,0.294,A,4,5,3,-2
Isabela,Pavona_clavus,35.5,0.463,A,7,3.5,2.5,-1
Isabela,Pocillopora_sp,35.5,0.466,A,2,3,1,-2
Isabela,Pocillopora_sp,35.5,0.445,A,3,3,1,-2
Isabela,Pocillopora_sp,35.5,0.363,A,5,2.5,1,-1.5
Isabela,Pavona_clavus,35.5,0.179,A,8,3,2,-1
Isabela,Pavona_clavus,35.5,0.469,A,1,2.5,1.5,-1
Isabela,Pocillopora_sp,35.5,0.478,A,6,3,1.5,-1.5
Isabela,Pavona_clavus,35.5,0.377,A,2,4.5,3,-1.5
Isabela,Pocillopora_sp,35.5,0.493,A,4,3,2.5,-0.5
Isabela,Pocillopora_sp,35.5,0.51,A,8,2.5,1.5,-1
Isabela,Pavona_clavus,26,0.548,B,4,6,5.5,-0.5
Isabela,Pocillopora_sp,26,0.645,B,4,3.5,2.5,-1
Isabela,Pavona_clavus,26,0.442,B,1,5.5,3,-2.5
Isabela,Pavona_clavus,26,0.537,B,8,5.5,4,-1.5
Isabela,Pavona_clavus,26,0.53,B,2,6,6,0
Isabela,Pocillopora_sp,26,0.59,B,8,2.5,2.5,0
Isabela,Pavona_clavus,26,0.537,B,6,4,3,-1
Isabela,Pavona_clavus,26,0.522,B,3,3,3,0
Isabela,Pavona_clavus,26,0.552,B,7,5.5,3.5,-2
Isabela,Pocillopora_sp,26,0.606,B,3,3,2.5,-0.5
Isabela,Pocillopora_sp,26,0.564,B,6,4.5,3.5,-1
Isabela,Pocillopora_sp,26,0.574,B,7,4,2.5,-1.5
Isabela,Pocillopora_sp,26,0.584,B,1,4,4,0
Isabela,Pocillopora_sp,26,0.622,B,2,3,2.5,-0.5
Isabela,Pavona_clavus,26,0.536,B,5,3,3,0
Isabela,Pocillopora_sp,26,0.571,B,5,3,3,0
Isabela,Pocillopora_sp,32.5,0.491,B,8,3,2.5,-0.5
Isabela,Pavona_clavus,32.5,0.469,B,3,3.5,4,0.5
Isabela,Pavona_clavus,32.5,0.524,B,4,5,3.5,-1.5
Isabela,Pocillopora_sp,32.5,0.44,B,2,3.5,3,-0.5
Isabela,Pocillopora_sp,32.5,0.608,B,1,3,3.5,0.5
Isabela,Pocillopora_sp,32.5,0.545,B,3,3.5,3,-0.5
Isabela,Pavona_clavus,32.5,0.555,B,6,3,2.5,-0.5
Isabela,Pavona_clavus,32.5,0.496,B,1,5.5,3,-2.5
Isabela,Pocillopora_sp,32.5,0.543,B,4,2.5,2,-0.5
Isabela,Pavona_clavus,32.5,0.558,B,5,6,5.5,-0.5
Isabela,Pocillopora_sp,32.5,0.597,B,5,3,3.5,0.5
Isabela,Pavona_clavus,32.5,0.519,B,2,6,6,0
Isabela,Pocillopora_sp,32.5,0.604,B,7,3,2.5,-0.5
Isabela,Pavona_clavus,32.5,0.538,B,7,4.5,2.5,-2
Isabela,Pocillopora_sp,32.5,0.48,B,6,3,3,0
Isabela,Pavona_clavus,32.5,0.55,B,8,3.5,2.5,-1
Isabela,Pavona_clavus,34,0.499,B,8,3.5,1.5,-2
Isabela,Pavona_clavus,34,0.498,B,2,5.5,5,-0.5
Isabela,Pocillopora_sp,34,0.581,B,6,3.5,2,-1.5
Isabela,Pocillopora_sp,34,0.608,B,4,4,3,-1
Isabela,Pocillopora_sp,34,0.456,B,5,3,3,0
Isabela,Pocillopora_sp,34,0.516,B,3,2.5,2,-0.5
Isabela,Pavona_clavus,34,0.485,B,7,5,2,-3
Isabela,Pocillopora_sp,34,0.438,B,7,2.5,2,-0.5
Isabela,Pavona_clavus,34,0.523,B,4,4.5,2,-2.5
Isabela,Pavona_clavus,34,0.539,B,1,4.5,3,-1.5
Isabela,Pavona_clavus,34,0.44,B,6,2.5,1.5,-1
Isabela,Pavona_clavus,34,0.49,B,3,4,2.5,-1.5
Isabela,Pavona_clavus,34,0.514,B,5,3,2,-1
Isabela,Pocillopora_sp,34,0.496,B,1,5.5,4,-1.5
Isabela,Pocillopora_sp,34,0.531,B,8,2.5,2,-0.5
Isabela,Pocillopora_sp,34,0.559,B,2,3,3,0
Isabela,Pocillopora_sp,35.5,0.127,B,5,3,1.5,-1.5
Isabela,Pavona_clavus,35.5,0.159,B,4,5,2.5,-2.5
Isabela,Pocillopora_sp,35.5,0.092,B,4,4,2,-2
Isabela,Pocillopora_sp,35.5,0.093,B,2,3.5,1.5,-2
Isabela,Pocillopora_sp,35.5,0.224,B,1,3,1,-2
Isabela,Pavona_clavus,35.5,0.194,B,2,6,4,-2
Isabela,Pavona_clavus,35.5,0.314,B,5,3.5,1.5,-2
Isabela,Pavona_clavus,35.5,0.226,B,6,2,2,0
Isabela,Pavona_clavus,35.5,0.123,B,3,2.5,2,-0.5
Isabela,Pavona_clavus,35.5,0.239,B,1,2,2,0
Isabela,Pocillopora_sp,35.5,0.125,B,7,2.5,1.5,-1
Isabela,Pavona_clavus,35.5,0.236,B,7,2,1.5,-0.5
Isabela,Pocillopora_sp,35.5,0.169,B,8,2.5,2,-0.5
Isabela,Pocillopora_sp,35.5,0.178,B,3,3.5,2.5,-1
Isabela,Pavona_clavus,35.5,0.124,B,8,2,3,1
Isabela,Pocillopora_sp,35.5,0.148,B,6,2.5,1.5,-1
Isabela,Pocillopora_sp,26,0.606,A,1,3.5,3.5,0
Isabela,Pavona_clavus,26,0.542,A,8,5,5,0
Isabela,Pavona_clavus,26,0.559,A,3,5,4.5,-0.5
Isabela,Pavona_clavus,26,0.527,A,2,6,6,0
Isabela,Pocillopora_sp,26,0.608,A,7,4,3.5,-0.5
Isabela,Pocillopora_sp,26,0.602,A,5,4,3.5,-0.5
Isabela,Pocillopora_sp,26,0.569,A,4,4,3.5,-0.5
Isabela,Pavona_clavus,26,0.569,A,7,5.5,5.5,0
Isabela,Pocillopora_sp,26,0.607,A,6,4,3,-1
Isabela,Pocillopora_sp,26,0.583,A,2,3.5,2.5,-1
Isabela,Pocillopora_sp,26,0.576,A,8,4,3,-1
Isabela,Pavona_clavus,26,0.546,A,4,4,5,1
Isabela,Pocillopora_sp,26,0.454,A,3,3,3,0
Isabela,Pavona_clavus,26,0.551,A,6,4,3,-1
Isabela,Pavona_clavus,26,0.551,A,1,5.5,4.5,-1
Isabela,Pavona_clavus,26,0.547,A,5,4,3.5,-0.5
Isabela,Pocillopora_sp,20,0.596,A,3,3,2.5,-0.5
Isabela,Pocillopora_sp,20,0.594,A,8,4,3,-1
Isabela,Pocillopora_sp,20,0.579,A,1,2.5,3,0.5
Isabela,Pavona_clavus,20,0.5,A,6,3.5,4,0.5
Isabela,Pocillopora_sp,20,0.43,A,2,2.5,3,0.5
Isabela,Pavona_clavus,20,0.54,A,2,6,6,0
Isabela,Pavona_clavus,20,0.55,A,4,4,4,0
Isabela,Pavona_clavus,20,0.531,A,7,6,5,-1
Isabela,Pocillopora_sp,20,0.578,A,6,3.5,3,-0.5
Isabela,Pocillopora_sp,20,0.54,A,5,3,3,0
Isabela,Pavona_clavus,20,0.546,A,3,4,4,0
Isabela,Pavona_clavus,20,0.562,A,8,4,4,0
Isabela,Pavona_clavus,20,0.544,A,5,4.5,4.5,0
Isabela,Pocillopora_sp,20,0.581,A,4,2.5,3,0.5
Isabela,Pocillopora_sp,20,0.425,A,7,4,3,-1
Isabela,Pavona_clavus,20,0.509,A,1,5.5,5.5,0
Isabela,Pavona_clavus,16,0.534,A,4,4,3.5,-0.5
Isabela,Pocillopora_sp,16,0.501,A,4,3.5,2.5,-1
Isabela,Pavona_clavus,16,0.505,A,7,5,5,0
Isabela,Pocillopora_sp,16,0.52,A,3,4,2.5,-1.5
Isabela,Pavona_clavus,16,0.513,A,5,4,4,0
Isabela,Pocillopora_sp,16,0.573,A,6,2.5,2.5,0
Isabela,Pocillopora_sp,16,0.552,A,1,3,3,0
Isabela,Pocillopora_sp,16,0.545,A,7,2.5,2.5,0
Isabela,Pavona_clavus,16,0.467,A,1,5,5,0
Isabela,Pocillopora_sp,16,0.554,A,8,3,2.5,-0.5
Isabela,Pocillopora_sp,16,0.549,A,5,3.5,3,-0.5
Isabela,Pavona_clavus,16,0.461,A,3,5,4,-1
Isabela,Pavona_clavus,16,0.523,A,8,3.5,3.5,0
Isabela,Pocillopora_sp,16,0.448,A,2,3,2.5,-0.5
Isabela,Pavona_clavus,16,0.496,A,6,3,3,0
Isabela,Pavona_clavus,16,0.501,A,2,6,5,-1
Isabela,Pocillopora_sp,12,0.309,A,3,3,2.5,-0.5
Isabela,Pavona_clavus,12,0.455,A,6,3.5,3,-0.5
Isabela,Pavona_clavus,12,0.479,A,8,5,4,-1
Isabela,Pavona_clavus,12,0.48,A,4,5,4,-1
Isabela,Pavona_clavus,12,0.416,A,5,4,4,0
Isabela,Pavona_clavus,12,0.507,A,7,6,5,-1
Isabela,Pocillopora_sp,12,0.471,A,2,3,3,0
Isabela,Pocillopora_sp,12,0.4,A,6,2.5,2,-0.5
Isabela,Pocillopora_sp,12,0.538,A,5,4,3,-1
Isabela,Pavona_clavus,12,0.497,A,1,6,5,-1
Isabela,Pavona_clavus,12,0.463,A,3,5.5,5,-0.5
Isabela,Pocillopora_sp,12,0.532,A,1,2.5,2.5,0
Isabela,Pavona_clavus,12,0.515,A,2,3.5,5,1.5
Isabela,Pocillopora_sp,12,0.469,A,4,3,3,0
Isabela,Pocillopora_sp,12,0.508,A,8,3.5,2,-1.5
Isabela,Pocillopora_sp,12,0.524,A,7,2.5,1.5,-1
Isabela,Pocillopora_sp,26,0.593,B,7,2.5,3,0.5
Isabela,Pocillopora_sp,26,0.611,B,4,3,2.5,-0.5
Isabela,Pocillopora_sp,26,0.608,B,8,5,5,0
Isabela,Pavona_clavus,26,0.533,B,8,4.5,3.5,-1
Isabela,Pavona_clavus,26,0.542,B,5,4.5,3.5,-1
Isabela,Pavona_clavus,26,0.555,B,7,6,6,0
Isabela,Pavona_clavus,26,0.555,B,2,4.5,4.5,0
Isabela,Pavona_clavus,26,0.57,B,1,5.5,6,0.5
Isabela,Pocillopora_sp,26,0.558,B,3,4,3,-1
Isabela,Pocillopora_sp,26,0.578,B,1,4,4,0
Isabela,Pocillopora_sp,26,0.589,B,6,3.5,2.5,-1
Isabela,Pavona_clavus,26,0.543,B,6,3.5,3.5,0
Isabela,Pavona_clavus,26,0.565,B,4,5,4,-1
Isabela,Pocillopora_sp,26,0.422,B,2,2.5,2,-0.5
Isabela,Pocillopora_sp,26,0.531,B,5,3.5,4.5,1
Isabela,Pavona_clavus,26,0.581,B,3,5,4,-1
Isabela,Pocillopora_sp,20,0.554,B,4,2.5,2.5,0
Isabela,Pavona_clavus,20,0.504,B,1,5.5,5,-0.5
Isabela,Pavona_clavus,20,0.494,B,8,4,4,0
Isabela,Pavona_clavus,20,0.482,B,6,3,3.5,0.5
Isabela,Pocillopora_sp,20,0.536,B,7,3,3.5,0.5
Isabela,Pocillopora_sp,20,0.512,B,3,3.5,2.5,-1
Isabela,Pocillopora_sp,20,0.614,B,6,3,3,0
Isabela,Pavona_clavus,20,0.529,B,2,5.5,5,-0.5
Isabela,Pocillopora_sp,20,0.58,B,2,3.5,3,-0.5
Isabela,Pavona_clavus,20,0.521,B,7,4.5,5,0.5
Isabela,Pocillopora_sp,20,0.551,B,8,5.5,5,-0.5
Isabela,Pavona_clavus,20,0.471,B,5,4,5.5,1.5
Isabela,Pocillopora_sp,20,0.554,B,5,5,4,-1
Isabela,Pocillopora_sp,20,0.61,B,1,2.5,3,0.5
Isabela,Pavona_clavus,20,0.551,B,3,5,4.5,-0.5
Isabela,Pavona_clavus,20,0.544,B,4,4.5,4,-0.5
Isabela,Pocillopora_sp,16,0.567,B,1,3.5,3,-0.5
Isabela,Pavona_clavus,16,0.584,B,4,5,5,0
Isabela,Pavona_clavus,16,0.538,B,3,5.5,5,-0.5
Isabela,Pocillopora_sp,16,0.443,B,8,2.5,2.5,0
Isabela,Pocillopora_sp,16,0.561,B,4,3.5,2.5,-1
Isabela,Pavona_clavus,16,0.49,B,5,4.5,4.5,0
Isabela,Pavona_clavus,16,0.514,B,2,6,5,-1
Isabela,Pavona_clavus,16,0.468,B,1,5.5,5,-0.5
Isabela,Pocillopora_sp,16,0.59,B,7,4,3,-1
Isabela,Pocillopora_sp,16,0.596,B,6,2.5,2.5,0
Isabela,Pavona_clavus,16,0.535,B,6,4,4,0
Isabela,Pocillopora_sp,16,0.534,B,5,4.5,4,-0.5
Isabela,Pocillopora_sp,16,0.522,B,3,3.5,3,-0.5
Isabela,Pocillopora_sp,16,0.458,B,2,4,3.5,-0.5
Isabela,Pavona_clavus,16,0.522,B,8,4,4,0
Isabela,Pavona_clavus,16,0.537,B,7,6,5,-1
Isabela,Pocillopora_sp,12,0.416,B,2,4.5,4,-0.5
Isabela,Pavona_clavus,12,0.488,B,6,3,3,0
Isabela,Pocillopora_sp,12,0.534,B,3,3.5,2.5,-1
Isabela,Pavona_clavus,12,0.435,B,2,4,4,0
Isabela,Pavona_clavus,12,0.463,B,7,5.5,5,-0.5
Isabela,Pavona_clavus,12,0.522,B,4,6,6,0
Isabela,Pavona_clavus,12,0.512,B,8,3.5,3.5,0
Isabela,Pavona_clavus,12,0.497,B,5,3.5,3.5,0
Isabela,Pocillopora_sp,12,0.425,B,1,4,2.5,-1.5
Isabela,Pavona_clavus,12,0.477,B,3,4,3.5,-0.5
Isabela,Pocillopora_sp,12,0.559,B,5,3.5,2,-1.5
Isabela,Pocillopora_sp,12,0.478,B,6,4,2.5,-1.5
Isabela,Pocillopora_sp,12,0.517,B,8,3.5,1.5,-2
Isabela,Pocillopora_sp,12,0.504,B,4,3.5,2.5,-1
Isabela,Pocillopora_sp,12,0.535,B,7,2.5,2,-0.5
Isabela,Pavona_clavus,12,0.462,B,1,4,5,1
Punta_Pitt,Pocillopora_sp,26,0.522,A,2,3,3,0
Punta_Pitt,Pocillopora_sp,26,0.585,A,6,6,5.5,-0.5
Punta_Pitt,Pavona_clavus,26,0.475,A,2,5.5,5.5,0
Punta_Pitt,Pavona_clavus,26,0.49,A,8,1.5,1.5,0
Punta_Pitt,Pocillopora_sp,26,0.566,A,7,5.5,5.5,0
Punta_Pitt,Pocillopora_sp,26,0.572,A,1,5,5,0
Punta_Pitt,Pavona_clavus,26,0.547,A,3,4,4,0
Punta_Pitt,Pocillopora_sp,26,0.566,A,8,4.5,4.5,0
Punta_Pitt,Pavona_clavus,26,0.54,A,7,3.5,3.5,0
Punta_Pitt,Pavona_clavus,26,0.543,A,1,4,4,0
Punta_Pitt,Pocillopora_sp,26,0.564,A,5,3.5,3.5,0
Punta_Pitt,Pocillopora_sp,26,0.53,A,3,4,4,0
Punta_Pitt,Pavona_clavus,26,0.549,A,4,3.5,3.5,0
Punta_Pitt,Pavona_clavus,26,0.545,A,5,4,4,0
Punta_Pitt,Pocillopora_sp,26,0.628,A,4,6,6,0
Punta_Pitt,Pavona_clavus,26,0.561,A,6,4,4,0
Punta_Pitt,Pocillopora_sp,32.5,0.582,A,3,3.5,3.5,0
Punta_Pitt,Pavona_clavus,32.5,0.463,A,1,4,3.5,-0.5
Punta_Pitt,Pavona_clavus,32.5,0.573,A,6,2,2,0
Punta_Pitt,Pocillopora_sp,32.5,0.576,A,5,4.5,4.5,0
Punta_Pitt,Pocillopora_sp,32.5,0.619,A,6,3.5,3.5,0
Punta_Pitt,Pocillopora_sp,32.5,0.567,A,4,4,4,0
Punta_Pitt,Pocillopora_sp,32.5,0.568,A,2,4,4,0
Punta_Pitt,Pavona_clavus,32.5,0.539,A,7,3.5,3,-0.5
Punta_Pitt,Pavona_clavus,32.5,0.531,A,3,4,4,0
Punta_Pitt,Pocillopora_sp,32.5,0.634,A,1,3.5,3.5,0
Punta_Pitt,Pavona_clavus,32.5,0.572,A,5,5,4.5,-0.5
Punta_Pitt,Pocillopora_sp,32.5,0.6,A,7,3,3,0
Punta_Pitt,Pavona_clavus,32.5,0.466,A,8,3,3,0
Punta_Pitt,Pavona_clavus,32.5,0.528,A,4,3.5,3.5,0
Punta_Pitt,Pocillopora_sp,32.5,0.509,A,8,4,3.5,-0.5
Punta_Pitt,Pavona_clavus,32.5,0.538,A,2,5.5,5.5,0
Punta_Pitt,Pocillopora_sp,34,0.582,A,4,6,5.5,-0.5
Punta_Pitt,Pocillopora_sp,34,0.598,A,8,6,5,-1
Punta_Pitt,Pocillopora_sp,34,0.584,A,6,2.5,2.5,0
Punta_Pitt,Pavona_clavus,34,0.484,A,8,3,2.5,-0.5
Punta_Pitt,Pavona_clavus,34,0.531,A,7,3,2.5,-0.5
Punta_Pitt,Pocillopora_sp,34,0.469,A,7,6,5,-1
Punta_Pitt,Pocillopora_sp,34,0.579,A,3,5,4,-1
Punta_Pitt,Pocillopora_sp,34,0.585,A,2,5.5,5.5,0
Punta_Pitt,Pocillopora_sp,34,0.609,A,1,4.5,2,-2.5
Punta_Pitt,Pavona_clavus,34,0.554,A,5,5,3,-2
Punta_Pitt,Pavona_clavus,34,0.535,A,2,5,3.5,-1.5
Punta_Pitt,Pocillopora_sp,34,0.548,A,5,5,4.5,-0.5
Punta_Pitt,Pavona_clavus,34,0.436,A,1,5,3,-2
Punta_Pitt,Pavona_clavus,34,0.519,A,4,4.5,1.5,-3
Punta_Pitt,Pavona_clavus,34,0.492,A,6,5,3.5,-1.5
Punta_Pitt,Pavona_clavus,34,0.437,A,3,5,3,-2
Punta_Pitt,Pavona_clavus,35.5,0.48,A,7,3,2,-1
Punta_Pitt,Pocillopora_sp,35.5,0.466,A,1,2.5,1,-1.5
Punta_Pitt,Pocillopora_sp,35.5,0.435,A,3,4,3,-1
Punta_Pitt,Pavona_clavus,35.5,0.411,A,8,4.5,2,-2.5
Punta_Pitt,Pocillopora_sp,35.5,0.459,A,8,5,3,-2
Punta_Pitt,Pocillopora_sp,35.5,0.423,A,7,5,3,-2
Punta_Pitt,Pavona_clavus,35.5,0.307,A,3,5,1.5,-3.5
Punta_Pitt,Pocillopora_sp,35.5,0.513,A,2,5.5,3.5,-2
Punta_Pitt,Pavona_clavus,35.5,0.48,A,4,5,1.5,-3.5
Punta_Pitt,Pocillopora_sp,35.5,0.518,A,4,4,3,-1
Punta_Pitt,Pavona_clavus,35.5,0.293,A,2,5,1.5,-3.5
Punta_Pitt,Pocillopora_sp,35.5,0.411,A,5,5,3.5,-1.5
Punta_Pitt,Pocillopora_sp,35.5,0.488,A,6,4.5,3,-1.5
Punta_Pitt,Pavona_clavus,35.5,0.387,A,1,5.5,2.5,-3
Punta_Pitt,Pavona_clavus,35.5,0.493,A,5,5,2.5,-2.5
Punta_Pitt,Pavona_clavus,35.5,0.381,A,6,5,2,-3
Punta_Pitt,Pocillopora_sp,26,0.561,B,8,5,4.5,-0.5
Punta_Pitt,Pavona_clavus,26,0.555,B,5,3,3,0
Punta_Pitt,Pavona_clavus,26,0.471,B,2,6,6,0
Punta_Pitt,Pavona_clavus,26,0.507,B,3,3.5,3.5,0
Punta_Pitt,Pocillopora_sp,26,0.61,B,4,4.5,4,-0.5
Punta_Pitt,Pavona_clavus,26,0.507,B,1,5,5,0
Punta_Pitt,Pocillopora_sp,26,0.607,B,6,5,4.5,-0.5
Punta_Pitt,Pavona_clavus,26,0.496,B,6,3.5,3.5,0
Punta_Pitt,Pocillopora_sp,26,0.564,B,5,3,3,0
Punta_Pitt,Pavona_clavus,26,0.538,B,7,2.5,2.5,0
Punta_Pitt,Pavona_clavus,26,0.552,B,4,4,4,0
Punta_Pitt,Pavona_clavus,26,0.508,B,8,3.5,3,-0.5
Punta_Pitt,Pocillopora_sp,26,0.577,B,2,6,5.5,-0.5
Punta_Pitt,Pocillopora_sp,26,0.608,B,3,4,3.5,-0.5
Punta_Pitt,Pocillopora_sp,26,0.616,B,1,3.5,3.5,0
Punta_Pitt,Pocillopora_sp,26,0.555,B,7,3.5,3.5,0
Punta_Pitt,Pocillopora_sp,32.5,0.573,B,4,5.5,5.5,0
Punta_Pitt,Pavona_clavus,32.5,0.531,B,5,3,3,0
Punta_Pitt,Pocillopora_sp,32.5,0.54,B,6,5.5,5,-0.5
Punta_Pitt,Pavona_clavus,32.5,0.495,B,2,5,4.5,-0.5
Punta_Pitt,Pavona_clavus,32.5,0.486,B,8,3.5,3.5,0
Punta_Pitt,Pavona_clavus,32.5,0.49,B,1,4,4,0
Punta_Pitt,Pavona_clavus,32.5,0.551,B,6,4,3.5,-0.5
Punta_Pitt,Pocillopora_sp,32.5,0.602,B,3,4,4,0
Punta_Pitt,Pocillopora_sp,32.5,0.597,B,8,5,4.5,-0.5
Punta_Pitt,Pavona_clavus,32.5,0.523,B,3,3.5,3.5,0
Punta_Pitt,Pocillopora_sp,32.5,0.601,B,1,3.5,3.5,0
Punta_Pitt,Pocillopora_sp,32.5,0.512,B,5,3.5,3,-0.5
Punta_Pitt,Pavona_clavus,32.5,0.573,B,7,2,2,0
Punta_Pitt,Pavona_clavus,32.5,0.518,B,4,3,2.5,-0.5
Punta_Pitt,Pocillopora_sp,32.5,0.55,B,7,5,4.5,-0.5
Punta_Pitt,Pocillopora_sp,32.5,0.621,B,2,5.5,5,-0.5
Punta_Pitt,Pavona_clavus,34,0.499,B,4,4,2,-2
Punta_Pitt,Pocillopora_sp,34,0.566,B,6,5,5,0
Punta_Pitt,Pocillopora_sp,34,0.439,B,7,4,3.5,-0.5
Punta_Pitt,Pavona_clavus,34,0.542,B,2,5,4.5,-0.5
Punta_Pitt,Pocillopora_sp,34,0.585,B,4,4,3,-1
Punta_Pitt,Pavona_clavus,34,0.529,B,7,3,3,0
Punta_Pitt,Pavona_clavus,34,0.506,B,6,4,3.5,-0.5
Punta_Pitt,Pavona_clavus,34,0.467,B,1,4.5,4,-0.5
Punta_Pitt,Pocillopora_sp,34,0.588,B,1,3.5,2.5,-1
Punta_Pitt,Pocillopora_sp,34,0.511,B,8,2,2,0
Punta_Pitt,Pocillopora_sp,34,0.56,B,3,3.5,3,-0.5
Punta_Pitt,Pocillopora_sp,34,0.595,B,2,4.5,3.5,-1
Punta_Pitt,Pocillopora_sp,34,0.565,B,5,6,5.5,-0.5
Punta_Pitt,Pavona_clavus,34,0.466,B,3,5,3,-2
Punta_Pitt,Pavona_clavus,34,0.439,B,8,4,3,-1
Punta_Pitt,Pavona_clavus,34,0.525,B,5,4.5,3,-1.5
Punta_Pitt,Pavona_clavus,35.5,0.387,B,3,4,3,-1
Punta_Pitt,Pocillopora_sp,35.5,0.299,B,1,3,1,-2
Punta_Pitt,Pavona_clavus,35.5,0.428,B,7,2,1,-1
Punta_Pitt,Pavona_clavus,35.5,0.407,B,8,3.5,2.5,-1
Punta_Pitt,Pocillopora_sp,35.5,0.503,B,4,4,3,-1
Punta_Pitt,Pocillopora_sp,35.5,0.502,B,7,4.5,3,-1.5
Punta_Pitt,Pocillopora_sp,35.5,0.561,B,3,4,2.5,-1.5
Punta_Pitt,Pocillopora_sp,35.5,0.412,B,2,4,2,-2
Punta_Pitt,Pavona_clavus,35.5,0.362,B,2,4.5,2.5,-2
Punta_Pitt,Pocillopora_sp,35.5,0.419,B,8,4.5,2,-2.5
Punta_Pitt,Pavona_clavus,35.5,0.433,B,6,3.5,1.5,-2
Punta_Pitt,Pavona_clavus,35.5,0.452,B,5,3,2,-1
Punta_Pitt,Pavona_clavus,35.5,0.427,B,4,4,1.5,-2.5
Punta_Pitt,Pavona_clavus,35.5,0.391,B,1,4.5,2,-2.5
Punta_Pitt,Pocillopora_sp,35.5,0.397,B,6,4,3,-1
Punta_Pitt,Pocillopora_sp,35.5,0.302,B,5,3.5,3,-0.5
Punta_Pitt,Pocillopora_sp,20,0.588,A,7,3.5,3.5,0
Punta_Pitt,Pavona_clavus,20,0.569,A,2,3.5,3.5,0
Punta_Pitt,Pocillopora_sp,20,0.635,A,3,4.5,4.5,0
Punta_Pitt,Pavona_clavus,20,0.583,A,7,3,3,0
Punta_Pitt,Pocillopora_sp,20,0.591,A,1,3.5,3,-0.5
Punta_Pitt,Pavona_clavus,20,0.552,A,6,3.5,3,-0.5
Punta_Pitt,Pocillopora_sp,20,0.614,A,6,4,3.5,-0.5
Punta_Pitt,Pavona_clavus,20,0.541,A,1,3,3,0
Punta_Pitt,Pavona_clavus,20,0.509,A,8,2,2,0
Punta_Pitt,Pavona_clavus,20,0.51,A,5,1.5,1.5,0
Punta_Pitt,Pocillopora_sp,20,0.619,A,2,3,2.5,-0.5
Punta_Pitt,Pavona_clavus,20,0.546,A,4,3,3,0
Punta_Pitt,Pocillopora_sp,20,0.64,A,5,4,4,0
Punta_Pitt,Pocillopora_sp,20,0.61,A,8,3,3,0
Punta_Pitt,Pocillopora_sp,20,0.619,A,4,4,4,0
Punta_Pitt,Pavona_clavus,20,0.504,A,3,1.5,1.5,0
Punta_Pitt,Pavona_clavus,26,0.545,A,4,3,3,0
Punta_Pitt,Pocillopora_sp,26,0.574,A,5,3,3,0
Punta_Pitt,Pavona_clavus,26,0.563,A,2,5,5,0
Punta_Pitt,Pocillopora_sp,26,0.614,A,8,3.5,3.5,0
Punta_Pitt,Pavona_clavus,26,0.583,A,8,4,3.5,-0.5
Punta_Pitt,Pocillopora_sp,26,0.631,A,4,4,4,0
Punta_Pitt,Pocillopora_sp,26,0.588,A,6,3.5,3,-0.5
Punta_Pitt,Pocillopora_sp,26,0.615,A,3,4,4,0
Punta_Pitt,Pavona_clavus,26,0.551,A,1,5,5,0
Punta_Pitt,Pocillopora_sp,26,0.592,A,2,3.5,3.5,0
Punta_Pitt,Pavona_clavus,26,0.572,A,7,3,3,0
Punta_Pitt,Pavona_clavus,26,0.558,A,5,2.5,2.5,0
Punta_Pitt,Pocillopora_sp,26,0.646,A,7,4,4,0
Punta_Pitt,Pavona_clavus,26,0.578,A,6,3,3,0
Punta_Pitt,Pocillopora_sp,26,0.627,A,1,4.5,4.5,0
Punta_Pitt,Pavona_clavus,26,0.559,A,3,3,3,0
Punta_Pitt,Pocillopora_sp,16,0.553,A,3,4,4,0
Punta_Pitt,Pocillopora_sp,16,0.581,A,5,5,5,0
Punta_Pitt,Pavona_clavus,16,0.446,A,4,3.5,3,-0.5
Punta_Pitt,Pavona_clavus,16,0.458,A,8,2,2,0
Punta_Pitt,Pavona_clavus,16,0.479,A,6,3.5,3.5,0
Punta_Pitt,Pavona_clavus,16,0.421,A,1,4,3,-1
Punta_Pitt,Pocillopora_sp,16,0.621,A,7,3,2.5,-0.5
Punta_Pitt,Pocillopora_sp,16,0.591,A,8,3,2.5,-0.5
Punta_Pitt,Pavona_clavus,16,0.499,A,7,3,2,-1
Punta_Pitt,Pavona_clavus,16,0.471,A,5,2,2,0
Punta_Pitt,Pocillopora_sp,16,0.544,A,6,4,3.5,-0.5
Punta_Pitt,Pavona_clavus,16,0.423,A,2,5,5,0
Punta_Pitt,Pocillopora_sp,16,0.54,A,2,4,4,0
Punta_Pitt,Pocillopora_sp,16,0.52,A,1,4.5,4.5,0
Punta_Pitt,Pocillopora_sp,16,0.568,A,4,4,4,0
Punta_Pitt,Pavona_clavus,16,0.496,A,3,3,3,0
Punta_Pitt,Pocillopora_sp,12,0.533,A,1,4.5,2.5,-2
Punta_Pitt,Pavona_clavus,12,0.411,A,1,2.5,2,-0.5
Punta_Pitt,Pocillopora_sp,12,0.473,A,2,4,3,-1
Punta_Pitt,Pavona_clavus,12,0.426,A,6,3,2.5,-0.5
Punta_Pitt,Pavona_clavus,12,0.42,A,7,3,1,-2
Punta_Pitt,Pavona_clavus,12,0.516,A,5,2,1.5,-0.5
Punta_Pitt,Pavona_clavus,12,0.356,A,4,3.5,2,-1.5
Punta_Pitt,Pocillopora_sp,12,0.495,A,5,5,3.5,-1.5
Punta_Pitt,Pocillopora_sp,12,0.579,A,7,5,3,-2
Punta_Pitt,Pocillopora_sp,12,0.528,A,6,5,3.5,-1.5
Punta_Pitt,Pocillopora_sp,12,0.511,A,4,5,4,-1
Punta_Pitt,Pocillopora_sp,12,0.511,A,8,5,3.5,-1.5
Punta_Pitt,Pavona_clavus,12,0.411,A,8,3.5,2.5,-1
Punta_Pitt,Pocillopora_sp,12,0.489,A,3,4,3,-1
Punta_Pitt,Pavona_clavus,12,0.525,A,2,5.5,5,-0.5
Punta_Pitt,Pavona_clavus,12,0.502,A,3,1.5,1.5,0
Punta_Pitt,Pocillopora_sp,20,0.607,B,2,5,4.5,-0.5
Punta_Pitt,Pavona_clavus,20,0.523,B,4,4,4,0
Punta_Pitt,Pavona_clavus,20,0.527,B,7,2.5,2.5,0
Punta_Pitt,Pocillopora_sp,20,0.612,B,4,4,4,0
Punta_Pitt,Pavona_clavus,20,0.494,B,6,2,2,0
Punta_Pitt,Pocillopora_sp,20,0.618,B,5,6,5.5,-0.5
Punta_Pitt,Pocillopora_sp,20,0.593,B,8,5,4.5,-0.5
Punta_Pitt,Pocillopora_sp,20,0.597,B,7,5,4.5,-0.5
Punta_Pitt,Pocillopora_sp,20,0.556,B,3,3.5,3.5,0
Punta_Pitt,Pavona_clavus,20,0.51,B,5,3,3,0
Punta_Pitt,Pocillopora_sp,20,0.577,B,1,3.5,3,-0.5
Punta_Pitt,Pavona_clavus,20,0.51,B,1,4,4,0
Punta_Pitt,Pocillopora_sp,20,0.561,B,6,5,5,0
Punta_Pitt,Pavona_clavus,20,0.526,B,2,5.5,5,-0.5
Punta_Pitt,Pavona_clavus,20,0.537,B,8,4.5,4,-0.5
Punta_Pitt,Pavona_clavus,20,0.451,B,3,3,3,0
Punta_Pitt,Pavona_clavus,26,0.491,B,8,4.5,4,-0.5
Punta_Pitt,Pocillopora_sp,26,0.621,B,1,4.5,4,-0.5
Punta_Pitt,Pocillopora_sp,26,0.598,B,6,4,3.5,-0.5
Punta_Pitt,Pavona_clavus,26,0.5,B,6,3.5,3,-0.5
Punta_Pitt,Pocillopora_sp,26,0.604,B,4,4,4,0
Punta_Pitt,Pavona_clavus,26,0.476,B,5,1,1,0
Punta_Pitt,Pocillopora_sp,26,0.467,B,5,3.5,3.5,0
Punta_Pitt,Pavona_clavus,26,0.556,B,4,3.5,3.5,0
Punta_Pitt,Pocillopora_sp,26,0.62,B,8,5,5,0
Punta_Pitt,Pocillopora_sp,26,0.599,B,2,3,3,0
Punta_Pitt,Pocillopora_sp,26,0.611,B,3,4,4,0
Punta_Pitt,Pocillopora_sp,26,0.616,B,7,4,4,0
Punta_Pitt,Pavona_clavus,26,0.539,B,2,5,5,0
Punta_Pitt,Pavona_clavus,26,0.56,B,1,3.5,3.5,0
Punta_Pitt,Pavona_clavus,26,0.555,B,7,3,3,0
Punta_Pitt,Pavona_clavus,26,0.572,B,3,3,3,0
Punta_Pitt,Pocillopora_sp,16,0.587,B,5,4.5,4.5,0
Punta_Pitt,Pavona_clavus,16,0.476,B,4,3.5,3.5,0
Punta_Pitt,Pocillopora_sp,16,0.578,B,3,4,4,0
Punta_Pitt,Pavona_clavus,16,0.362,B,8,1.5,1,-0.5
Punta_Pitt,Pavona_clavus,16,0.513,B,7,3,3,0
Punta_Pitt,Pocillopora_sp,16,0.617,B,7,5,4.5,-0.5
Punta_Pitt,Pocillopora_sp,16,0.564,B,6,4.5,4.5,0
Punta_Pitt,Pocillopora_sp,16,0.556,B,4,3.5,3.5,0
Punta_Pitt,Pavona_clavus,16,0.51,B,2,5,5,0
Punta_Pitt,Pocillopora_sp,16,0.583,B,1,5,4.5,-0.5
Punta_Pitt,Pocillopora_sp,16,0.542,B,2,3.5,3.5,0
Punta_Pitt,Pavona_clavus,16,0.487,B,1,3.5,3.5,0
Punta_Pitt,Pocillopora_sp,16,0.564,B,8,3.5,2.5,-1
Punta_Pitt,Pavona_clavus,16,0.499,B,6,2.5,2.5,0
Punta_Pitt,Pavona_clavus,16,0.473,B,3,4.5,4,-0.5
Punta_Pitt,Pavona_clavus,16,0.457,B,5,2,2,0
Punta_Pitt,Pavona_clavus,12,0.46,B,7,3,2,-1
Punta_Pitt,Pocillopora_sp,12,0.53,B,7,3,2,-1
Punta_Pitt,Pavona_clavus,12,0.521,B,2,4,3.5,-0.5
Punta_Pitt,Pavona_clavus,12,0.449,B,1,3.5,3.5,0
Punta_Pitt,Pocillopora_sp,12,0.551,B,5,4,2.5,-1.5
Punta_Pitt,Pavona_clavus,12,0.4,B,5,1,1,0
Punta_Pitt,Pocillopora_sp,12,0.551,B,3,3,2.5,-0.5
Punta_Pitt,Pocillopora_sp,12,0.543,B,8,2,1,-1
Punta_Pitt,Pocillopora_sp,12,0.568,B,2,5,4,-1
Punta_Pitt,Pavona_clavus,12,0.456,B,8,2.5,1,-1.5
Punta_Pitt,Pocillopora_sp,12,0.498,B,4,4,3.5,-0.5
Punta_Pitt,Pavona_clavus,12,0.463,B,6,3,2.5,-0.5
Punta_Pitt,Pocillopora_sp,12,0.556,B,6,3.5,2.5,-1
Punta_Pitt,Pocillopora_sp,12,0.583,B,1,4,2.5,-1.5
Punta_Pitt,Pavona_clavus,12,0.532,B,4,3.5,2.5,-1
Punta_Pitt,Pavona_clavus,12,0.505,B,3,2.5,2.5,0
Espanola,Pocillopora_sp,26,0.531,A,3,4,3.5,-0.5
Espanola,Pavona_clavus,26,0.493,A,4,3,3,0
Espanola,Pavona_clavus,26,0.477,A,8,2.5,2.5,0
Espanola,Pocillopora_sp,26,0.577,A,1,4,3.5,-0.5
Espanola,Pavona_clavus,26,0.5,A,3,5,4.5,-0.5
Espanola,Pocillopora_sp,26,0.563,A,5,4.5,4,-0.5
Espanola,Pocillopora_sp,26,0.534,A,8,4,4,0
Espanola,Pavona_clavus,26,0.558,A,6,4,4,0
Espanola,Pavona_clavus,26,0.484,A,2,3.5,3.5,0
Espanola,Pavona_clavus,26,0.525,A,5,3,3,0
Espanola,Pocillopora_sp,26,0.553,A,4,5,5,0
Espanola,Pocillopora_sp,26,0.591,A,7,5,4.5,-0.5
Espanola,Pavona_clavus,26,0.513,A,7,5,5,0
Espanola,Pocillopora_sp,26,0.544,A,6,5,5,0
Espanola,Pavona_clavus,26,0.518,A,1,4,4,0
Espanola,Pocillopora_sp,26,0.545,A,2,4,4,0
Espanola,Pavona_clavus,32.5,0.496,A,4,4,3,-1
Espanola,Pocillopora_sp,32.5,0.561,A,5,5,5,0
Espanola,Pavona_clavus,32.5,0.526,A,5,2.5,2,-0.5
Espanola,Pocillopora_sp,32.5,0.607,A,6,5,4.5,-0.5
Espanola,Pocillopora_sp,32.5,0.584,A,7,4.5,4.5,0
Espanola,Pavona_clavus,32.5,0.5,A,2,5,3,-2
Espanola,Pavona_clavus,32.5,0.517,A,8,3,2.5,-0.5
Espanola,Pavona_clavus,32.5,0.5,A,7,5,5,0
Espanola,Pocillopora_sp,32.5,0.54,A,8,5.5,5,-0.5
Espanola,Pavona_clavus,32.5,0.497,A,6,3,3,0
Espanola,Pocillopora_sp,32.5,0.59,A,4,5,4.5,-0.5
Espanola,Pocillopora_sp,32.5,0.615,A,1,3,3,0
Espanola,Pavona_clavus,32.5,0.502,A,3,5,5,0
Espanola,Pavona_clavus,32.5,0.502,A,1,2,2,0
Espanola,Pocillopora_sp,32.5,0.553,A,2,4,4,0
Espanola,Pocillopora_sp,32.5,0.47,A,3,3.5,3.5,0
Espanola,Pavona_clavus,34,0.456,A,7,3.5,3,-0.5
Espanola,Pavona_clavus,34,0.462,A,5,3,2.5,-0.5
Espanola,Pocillopora_sp,34,0.481,A,5,4,4,0
Espanola,Pavona_clavus,34,0.49,A,2,5,5,0
Espanola,Pavona_clavus,34,0.522,A,4,3,2.5,-0.5
Espanola,Pocillopora_sp,34,0.541,A,6,3,2.5,-0.5
Espanola,Pocillopora_sp,34,0.571,A,1,3.5,3.5,0
Espanola,Pavona_clavus,34,0.482,A,6,5,5,0
Espanola,Pocillopora_sp,34,0.59,A,2,4.5,3.5,-1
Espanola,Pavona_clavus,34,0.491,A,8,3,2.5,-0.5
Espanola,Pocillopora_sp,34,0.561,A,4,4.5,3,-1.5
Espanola,Pocillopora_sp,34,0.534,A,3,4.5,4,-0.5
Espanola,Pocillopora_sp,34,0.569,A,8,5,3,-2
Espanola,Pocillopora_sp,34,0.563,A,7,4,3.5,-0.5
Espanola,Pavona_clavus,34,0.486,A,8,4,3.5,-0.5
Espanola,Pavona_clavus,34,0.48,A,1,3,3,0
Espanola,Pocillopora_sp,35.5,0.452,A,1,4.5,1.5,-3
Espanola,Pocillopora_sp,35.5,0.351,A,5,4.5,2.5,-2
Espanola,Pavona_clavus,35.5,0.531,A,6,1.5,1,-0.5
Espanola,Pocillopora_sp,35.5,0.535,A,2,4,1.5,-2.5
Espanola,Pocillopora_sp,35.5,0.507,A,8,4,1,-3
Espanola,Pavona_clavus,35.5,0.417,A,1,4,1,-3
Espanola,Pavona_clavus,35.5,0.334,A,3,4,1,-3
Espanola,Pocillopora_sp,35.5,0.543,A,6,5.5,2.5,-3
Espanola,Pavona_clavus,35.5,0.459,A,8,3,1,-2
Espanola,Pavona_clavus,35.5,0.378,A,4,3.5,2,-1.5
Espanola,Pavona_clavus,35.5,0.387,A,7,5,1.5,-3.5
Espanola,Pocillopora_sp,35.5,0.501,A,4,5,2,-3
Espanola,Pavona_clavus,35.5,0.435,A,2,5.5,4,-1.5
Espanola,Pavona_clavus,35.5,0.403,A,5,1,1,0
Espanola,Pocillopora_sp,35.5,0.597,A,7,5,1,-4
Espanola,Pocillopora_sp,35.5,0.393,A,3,4,3.5,-0.5
Espanola,Pocillopora_sp,26,0.538,B,5,4.5,4,-0.5
Espanola,Pocillopora_sp,26,0.583,B,1,3,2.5,-0.5
Espanola,Pavona_clavus,26,0.515,B,3,5,5,0
Espanola,Pavona_clavus,26,0.541,B,5,2,2,0
Espanola,Pavona_clavus,26,0.468,B,7,5,4.5,-0.5
Espanola,Pocillopora_sp,26,0.589,B,6,5,4.5,-0.5
Espanola,Pavona_clavus,26,0.483,B,2,3.5,3.5,0
Espanola,Pavona_clavus,26,0.485,B,4,3,3,0
Espanola,Pocillopora_sp,26,0.586,B,7,4,4,0
Espanola,Pocillopora_sp,26,0.569,B,4,4,4,0
Espanola,Pocillopora_sp,26,0.554,B,8,5.5,5,-0.5
Espanola,Pavona_clavus,26,0.499,B,1,2.5,2,-0.5
Espanola,Pavona_clavus,26,0.555,B,6,4,3.5,-0.5
Espanola,Pocillopora_sp,26,0.599,B,2,5,4.5,-0.5
Espanola,Pocillopora_sp,26,0.545,B,3,4.5,4,-0.5
Espanola,Pavona_clavus,26,0.507,B,8,3,3,0
Espanola,Pocillopora_sp,35.5,0.42,B,1,4,1,-3
Espanola,Pavona_clavus,35.5,0.481,B,2,5,2.5,-2.5
Espanola,Pavona_clavus,35.5,0.42,B,8,5,1,-4
Espanola,Pocillopora_sp,35.5,0.349,B,6,2.5,1,-1.5
Espanola,Pocillopora_sp,35.5,0.46,B,7,5,2.5,-2.5
Espanola,Pavona_clavus,35.5,0.477,B,4,4,3,-1
Espanola,Pocillopora_sp,35.5,0.325,B,2,3,1,-2
Espanola,Pocillopora_sp,35.5,0.472,B,1,3,1,-2
Espanola,Pavona_clavus,35.5,0.53,B,6,4,3,-1
Espanola,Pavona_clavus,35.5,0.328,B,4,3.5,1,-2.5
Espanola,Pocillopora_sp,35.5,0.387,B,7,3.5,2,-1.5
Espanola,Pocillopora_sp,35.5,0.454,B,5,4,2,-2
Espanola,Pavona_clavus,35.5,0.409,B,8,3,1,-2
Espanola,Pavona_clavus,35.5,0.331,B,3,5,2.5,-2.5
Espanola,Pavona_clavus,35.5,0.464,B,5,3,1,-2
Espanola,Pocillopora_sp,35.5,0.463,B,3,4,2.5,-1.5
Espanola,Pocillopora_sp,34,0.587,B,5,4,3,-1
Espanola,Pocillopora_sp,34,0.586,B,6,4,4,0
Espanola,Pavona_clavus,34,0.487,B,5,3,3,0
Espanola,Pavona_clavus,34,0.523,B,7,4,4,0
Espanola,Pocillopora_sp,34,0.586,B,3,5,4.5,-0.5
Espanola,Pocillopora_sp,34,0.539,B,1,2.5,2.5,0
Espanola,Pavona_clavus,34,0.502,B,6,3,2.5,-0.5
Espanola,Pocillopora_sp,34,0.592,B,7,3,3,0
Espanola,Pavona_clavus,34,0.353,B,3,3,2,-1
Espanola,Pavona_clavus,34,0.453,B,4,2.5,2,-0.5
Espanola,Pavona_clavus,34,0.481,B,2,5.5,5.5,0
Espanola,Pavona_clavus,34,0.479,B,8,2,1.5,-0.5
Espanola,Pocillopora_sp,34,0.555,B,8,4,4,0
Espanola,Pavona_clavus,34,0.471,B,1,2.5,2.5,0
Espanola,Pocillopora_sp,34,0.604,B,2,3,2.5,-0.5
Espanola,Pocillopora_sp,34,0.548,B,4,4,4,0
Espanola,Pocillopora_sp,32.5,0.605,B,6,3.5,3,-0.5
Espanola,Pocillopora_sp,32.5,0.576,B,8,3,2,-1
Espanola,Pavona_clavus,32.5,0.446,B,2,3,2.5,-0.5
Espanola,Pocillopora_sp,32.5,0.611,B,7,5.5,5,-0.5
Espanola,Pavona_clavus,32.5,0.377,B,3,3,2.5,-0.5
Espanola,Pocillopora_sp,32.5,0.544,B,3,5,4.5,-0.5
Espanola,Pavona_clavus,32.5,0.462,B,4,3,2.5,-0.5
Espanola,Pocillopora_sp,32.5,0.551,B,2,3.5,3,-0.5
Espanola,Pocillopora_sp,32.5,0.479,B,5,3.5,3,-0.5
Espanola,Pavona_clavus,32.5,0.519,B,6,4.5,3,-1.5
Espanola,Pavona_clavus,32.5,0.516,B,1,4.5,4,-0.5
Espanola,Pocillopora_sp,32.5,0.561,B,4,5,4,-1
Espanola,Pavona_clavus,32.5,0.519,B,5,3,3,0
Espanola,Pavona_clavus,32.5,0.499,B,8,4,2.5,-1.5
Espanola,Pocillopora_sp,32.5,0.577,B,2,5,4,-1
Espanola,Pavona_clavus,32.5,0.468,B,7,5,4.5,-0.5
Espanola,Pocillopora_sp,26,0.568,A,8,4,4,0
Espanola,Pocillopora_sp,26,0.611,A,4,4,3.5,-0.5
Espanola,Pavona_clavus,26,0.54,A,1,3,3,0
Espanola,Pocillopora_sp,26,0.573,A,1,4.5,4.5,0
Espanola,Pocillopora_sp,26,0.606,A,7,4.5,4.5,0
Espanola,Pocillopora_sp,26,0.623,A,2,5,5,0
Espanola,Pavona_clavus,26,0.528,A,2,4,3.5,-0.5
Espanola,Pavona_clavus,26,0.514,A,7,5,4.5,-0.5
Espanola,Pavona_clavus,26,0.517,A,8,2.5,2.5,0
Espanola,Pavona_clavus,26,0.443,A,6,5,4,-1
Espanola,Pocillopora_sp,26,0.576,A,3,5,5,0
Espanola,Pavona_clavus,26,0.429,A,3,3,2.5,-0.5
Espanola,Pocillopora_sp,26,0.573,A,6,4.5,4.5,0
Espanola,Pocillopora_sp,26,0.499,A,5,2.5,2.5,0
Espanola,Pavona_clavus,26,0.493,A,5,5,5,0
Espanola,Pavona_clavus,26,0.425,A,4,3,3,0
Espanola,Pocillopora_sp,20,0.522,A,5,5,4.5,-0.5
Espanola,Pocillopora_sp,20,0.512,A,4,3.5,3.5,0
Espanola,Pavona_clavus,20,0.395,A,8,2,2,0
Espanola,Pocillopora_sp,20,0.505,A,6,4,3.5,-0.5
Espanola,Pocillopora_sp,20,0.514,A,3,4,3.5,-0.5
Espanola,Pavona_clavus,20,0.459,A,7,5,5,0
Espanola,Pavona_clavus,20,0.507,A,5,3.5,3.5,0
Espanola,Pavona_clavus,20,0.473,A,3,3,3,0
Espanola,Pocillopora_sp,20,0.556,A,8,5,5,0
Espanola,Pavona_clavus,20,0.505,A,1,3,3,0
Espanola,Pocillopora_sp,20,0.558,A,1,3,3,0
Espanola,Pocillopora_sp,20,0.587,A,2,4,4,0
Espanola,Pavona_clavus,20,0.48,A,2,3,3,0
Espanola,Pavona_clavus,20,0.449,A,6,5,4,-1
Espanola,Pocillopora_sp,20,0.609,A,7,4,4,0
Espanola,Pavona_clavus,20,0.419,A,4,3,3,0
Espanola,Pavona_clavus,16,0.201,A,4,3.5,2.5,-1
Espanola,Pocillopora_sp,16,0.518,A,7,5,5,0
Espanola,Pocillopora_sp,16,0.417,A,8,5,5,0
Espanola,Pocillopora_sp,16,0.524,A,3,4.5,4.5,0
Espanola,Pavona_clavus,16,0.465,A,8,2.5,2.5,0
Espanola,Pocillopora_sp,16,0.516,A,4,4,4,0
Espanola,Pocillopora_sp,16,0.584,A,2,4,4,0
Espanola,Pavona_clavus,16,0.433,A,6,4,3.5,-0.5
Espanola,Pavona_clavus,16,0.434,A,1,3,3,0
Espanola,Pocillopora_sp,16,0.532,A,1,4.5,3.5,-1
Espanola,Pocillopora_sp,16,0.529,A,5,3.5,3,-0.5
Espanola,Pavona_clavus,16,0.439,A,2,4,3.5,-0.5
Espanola,Pavona_clavus,16,0.137,A,3,1.5,1,-0.5
Espanola,Pocillopora_sp,16,0.59,A,6,3,2.5,-0.5
Espanola,Pavona_clavus,16,0.466,A,7,3,3,0
Espanola,Pavona_clavus,16,0.432,A,5,3.5,3,-0.5
Espanola,Pocillopora_sp,12,0.541,A,4,5.5,4,-1.5
Espanola,Pocillopora_sp,12,0.453,A,8,4.5,3.5,-1
Espanola,Pocillopora_sp,12,0.534,A,2,5,3.5,-1.5
Espanola,Pavona_clavus,12,0.347,A,1,3,2,-1
Espanola,Pavona_clavus,12,0.297,A,2,3,2,-1
Espanola,Pocillopora_sp,12,0.401,A,5,4,3,-1
Espanola,Pavona_clavus,12,0.456,A,5,3.5,3.5,0
Espanola,Pavona_clavus,12,0.328,A,3,2.5,2,-0.5
Espanola,Pocillopora_sp,12,0.482,A,3,3.5,2.5,-1
Espanola,Pavona_clavus,12,0.425,A,7,4.5,3.5,-1
Espanola,Pavona_clavus,12,0.369,A,8,2,2,0
Espanola,Pocillopora_sp,12,0.487,A,6,5,3.5,-1.5
Espanola,Pocillopora_sp,12,0.504,A,1,3,2.5,-0.5
Espanola,Pavona_clavus,12,0.41,A,4,4.5,4,-0.5
Espanola,Pavona_clavus,12,0.431,A,6,4,3,-1
Espanola,Pocillopora_sp,12,0.518,A,7,4.5,3.5,-1
Espanola,Pavona_clavus,26,0.538,B,4,4,3.5,-0.5
Espanola,Pocillopora_sp,26,0.584,B,8,4,4,0
Espanola,Pavona_clavus,26,0.497,B,8,2,2,0
Espanola,Pavona_clavus,26,0.531,B,1,3,2.5,-0.5
Espanola,Pocillopora_sp,26,0.576,B,7,5,5,0
Espanola,Pavona_clavus,26,0.527,B,2,3,3,0
Espanola,Pocillopora_sp,26,0.588,B,4,5,4.5,-0.5
Espanola,Pocillopora_sp,26,0.571,B,3,4,4,0
Espanola,Pavona_clavus,26,0.527,B,5,4.5,4.5,0
Espanola,Pocillopora_sp,26,0.555,B,5,4.5,4.5,0
Espanola,Pavona_clavus,26,0.458,B,6,2.5,2.5,0
Espanola,Pavona_clavus,26,0.37,B,3,2,2,0
Espanola,Pocillopora_sp,26,0.587,B,6,4,4,0
Espanola,Pavona_clavus,26,0.51,B,7,3.5,3.5,0
Espanola,Pocillopora_sp,26,0.564,B,1,3,2.5,-0.5
Espanola,Pavona_clavus,26,0.593,B,2,4,3.5,-0.5
Espanola,Pavona_clavus,20,0.497,B,1,3.5,2.5,-1
Espanola,Pavona_clavus,20,0.455,B,2,3,2,-1
Espanola,Pavona_clavus,20,0.364,B,3,3,2,-1
Espanola,Pocillopora_sp,20,0.508,B,6,4.5,4,-0.5
Espanola,Pocillopora_sp,20,0.569,B,1,4.5,4,-0.5
Espanola,Pavona_clavus,20,0.494,B,7,5,4.5,-0.5
Espanola,Pavona_clavus,20,0.403,B,6,5,4,-1
Espanola,Pocillopora_sp,20,0.528,B,8,5,5,0
Espanola,Pocillopora_sp,20,0.513,B,6,4.5,4,-0.5
Espanola,Pavona_clavus,20,0.488,B,5,4,3.5,-0.5
Espanola,Pavona_clavus,20,0.497,B,8,5,4,-1
Espanola,Pocillopora_sp,20,0.561,B,3,4,4,0
Espanola,Pocillopora_sp,20,0.563,B,4,4,3.5,-0.5
Espanola,Pocillopora_sp,20,0.59,B,4,4.5,4.5,0
Espanola,Pocillopora_sp,20,0.571,B,7,4,4,0
Espanola,Pavona_clavus,20,0.471,B,4,3,3,0
Espanola,Pocillopora_sp,16,0.505,B,2,4,4,0
Espanola,Pavona_clavus,16,0.428,B,2,3,3,0
Espanola,Pavona_clavus,16,0.386,B,6,5,4,-1
Espanola,Pocillopora_sp,16,0.491,B,8,4.5,4,-0.5
Espanola,Pavona_clavus,16,0.426,B,1,2.5,2.5,0
Espanola,Pavona_clavus,16,0.397,B,8,3,3,0
Espanola,Pocillopora_sp,16,0.506,B,7,3,3,0
Espanola,Pavona_clavus,16,0.459,B,5,5,4.5,-0.5
Espanola,Pocillopora_sp,16,0.515,B,4,4.5,4,-0.5
Espanola,Pocillopora_sp,16,0.512,B,3,5,4.5,-0.5
Espanola,Pavona_clavus,16,0.381,B,4,3.5,3,-0.5
Espanola,Pocillopora_sp,16,0.47,B,5,3.5,3.5,0
Espanola,Pocillopora_sp,16,0.409,B,1,5,3,-2
Espanola,Pocillopora_sp,16,0.51,B,6,5,4,-1
Espanola,Pavona_clavus,16,0.224,B,3,2,2,0
Espanola,Pocillopora_sp,16,0.451,B,7,5,5,0
Espanola,Pavona_clavus,12,0.456,B,4,3,3,0
Espanola,Pavona_clavus,12,0.421,B,6,3,1.5,-1.5
Espanola,Pocillopora_sp,12,0.462,B,6,4.5,3,-1.5
Espanola,Pavona_clavus,12,0.42,B,7,3,2.5,-0.5
Espanola,Pavona_clavus,12,0.302,B,3,2,2,0
Espanola,Pocillopora_sp,12,0.527,B,3,5,3,-2
Espanola,Pavona_clavus,12,0.395,B,8,2,2,0
Espanola,Pavona_clavus,12,0.453,B,5,3,3,0
Espanola,Pavona_clavus,12,0.451,B,1,2.5,1.5,-1
Espanola,Pavona_clavus,12,0.37,B,2,4,2.5,-1.5
Espanola,Pocillopora_sp,12,0.555,B,4,5,3,-2
Espanola,Pocillopora_sp,12,0.476,B,5,4,3,-1
Espanola,Pocillopora_sp,12,0.52,B,8,3.5,3,-0.5
Espanola,Pocillopora_sp,12,0.49,B,1,4,2.5,-1.5
Espanola,Pocillopora_sp,12,0.413,B,2,3,2,-1
Espanola,Pocillopora_sp,12,0.539,B,7,4.5,4,-0.5
Darwin,Pavona_clavus,26,0.494,A,7,4,4,0
Darwin,Pocillopora_sp,26,0.578,A,7,5,5,0
Darwin,Pavona_clavus,26,0.521,A,8,5,5,0
Darwin,Pavona_clavus,26,0.527,A,1,3,3,0
Darwin,Pavona_clavus,26,0.541,A,4,4,4,0
Darwin,Pocillopora_sp,26,0.484,A,6,2.5,2.5,0
Darwin,Pocillopora_sp,26,0.571,A,1,5,4.5,-0.5
Darwin,Pocillopora_sp,26,0.591,A,5,3.5,3.5,0
Darwin,Pavona_clavus,26,0.53,A,5,3.5,3,-0.5
Darwin,Pocillopora_sp,26,0.561,A,4,4.5,4,-0.5
Darwin,Pocillopora_sp,26,0.559,A,3,4,4,0
Darwin,Pavona_clavus,26,0.551,A,6,5,4.5,-0.5
Darwin,Pavona_clavus,26,0.565,A,2,3,3,0
Darwin,Pocillopora_sp,26,0.516,A,2,4.5,4.5,0
Darwin,Pocillopora_sp,26,0.614,A,8,4,3.5,-0.5
Darwin,Pavona_clavus,26,0.513,A,3,5,5,0
Darwin,Pavona_clavus,32.5,0.483,A,3,4.5,4,-0.5
Darwin,Pavona_clavus,32.5,0.504,A,8,4,4,0
Darwin,Pocillopora_sp,32.5,0.548,A,8,4,3.5,-0.5
Darwin,Pocillopora_sp,32.5,0.607,A,7,4,4,0
Darwin,Pavona_clavus,32.5,0.529,A,5,3.5,3.5,0
Darwin,Pocillopora_sp,32.5,0.532,A,3,3.5,3.5,0
Darwin,Pavona_clavus,32.5,0.55,A,4,2,2,0
Darwin,Pocillopora_sp,32.5,0.552,A,6,3.5,3,-0.5
Darwin,Pocillopora_sp,32.5,0.597,A,5,3,3,0
Darwin,Pavona_clavus,32.5,0.545,A,7,3,3,0
Darwin,Pocillopora_sp,32.5,0.589,A,2,4,4,0
Darwin,Pavona_clavus,32.5,0.565,A,6,4,4,0
Darwin,Pavona_clavus,32.5,0.559,A,2,4,3.5,-0.5
Darwin,Pavona_clavus,32.5,0.524,A,1,5,5,0
Darwin,Pocillopora_sp,32.5,0.552,A,1,3.5,3.5,0
Darwin,Pocillopora_sp,32.5,0.514,A,4,5,5,0
Darwin,Pocillopora_sp,34,0.54,A,3,3,3,0
Darwin,Pocillopora_sp,34,0.559,A,6,4.5,3.5,-1
Darwin,Pavona_clavus,34,0.534,A,4,5,3,-2
Darwin,Pocillopora_sp,34,0.49,A,8,4,2,-2
Darwin,Pavona_clavus,34,0.472,A,6,4,3,-1
Darwin,Pavona_clavus,34,0.518,A,3,3,2.5,-0.5
Darwin,Pocillopora_sp,34,0.547,A,1,5,4,-1
Darwin,Pavona_clavus,34,0.604,A,5,3,2.5,-0.5
Darwin,Pocillopora_sp,34,0.592,A,5,3,3,0
Darwin,Pavona_clavus,34,0.532,A,1,5,4,-1
Darwin,Pocillopora_sp,34,0.583,A,4,5,4,-1
Darwin,Pavona_clavus,34,0.515,A,2,5,4,-1
Darwin,Pavona_clavus,34,0.468,A,8,5,4,-1
Darwin,Pocillopora_sp,34,0.553,A,2,3.5,3,-0.5
Darwin,Pavona_clavus,34,0.535,A,7,3.5,3,-0.5
Darwin,Pocillopora_sp,34,0.605,A,7,6,5.5,-0.5
Darwin,Pavona_clavus,35.5,0.466,A,1,5,2,-3
Darwin,Pocillopora_sp,35.5,0.516,A,8,5,1,-4
Darwin,Pocillopora_sp,35.5,0.537,A,2,4,1,-3
Darwin,Pavona_clavus,35.5,0.485,A,8,4,3,-1
Darwin,Pocillopora_sp,35.5,0.426,A,7,4,1.5,-2.5
Darwin,Pocillopora_sp,35.5,0.581,A,5,3,1,-2
Darwin,Pavona_clavus,35.5,0.454,A,4,3.5,2.5,-1
Darwin,Pavona_clavus,35.5,0.375,A,2,4,2.5,-1.5
Darwin,Pavona_clavus,35.5,0.508,A,6,4,2,-2
Darwin,Pocillopora_sp,35.5,0.356,A,6,3.5,1,-2.5
Darwin,Pavona_clavus,35.5,0.521,A,5,2.5,1.5,-1
Darwin,Pocillopora_sp,35.5,0.494,A,1,5,1,-4
Darwin,Pavona_clavus,35.5,0.475,A,3,2.5,2.5,0
Darwin,Pocillopora_sp,35.5,0.5,A,3,3,3,0
Darwin,Pocillopora_sp,35.5,0.413,A,4,3,1,-2
Darwin,Pavona_clavus,35.5,0.34,A,7,2,1.5,-0.5
Darwin,Pocillopora_sp,26,0.535,B,4,4,4,0
Darwin,Pavona_clavus,26,0.536,B,6,4.5,4,-0.5
Darwin,Pavona_clavus,26,0.54,B,5,5,4.5,-0.5
Darwin,Pavona_clavus,26,0.484,B,7,4,4,0
Darwin,Pavona_clavus,26,0.593,B,2,3,3,0
Darwin,Pocillopora_sp,26,0.558,B,1,3,2.5,-0.5
Darwin,Pocillopora_sp,26,0.516,B,5,4,4,0
Darwin,Pavona_clavus,26,NA,B,1,5,4.5,-0.5
Darwin,Pocillopora_sp,26,0.528,B,6,3.5,3.5,0
Darwin,Pocillopora_sp,26,0.545,B,2,3,3,0
Darwin,Pavona_clavus,26,0.49,B,4,3.5,3.5,0
Darwin,Pavona_clavus,26,0.515,B,3,2.5,2.5,0
Darwin,Pocillopora_sp,26,0.567,B,8,4,4,0
Darwin,Pocillopora_sp,26,0.592,B,7,3,3,0
Darwin,Pavona_clavus,26,0.502,B,8,5,5,0
Darwin,Pocillopora_sp,26,0.531,B,3,3,3,0
Darwin,Pocillopora_sp,32.5,0.539,B,8,3.5,3.5,0
Darwin,Pocillopora_sp,32.5,0.553,B,2,3,3,0
Darwin,Pavona_clavus,32.5,0.463,B,7,3,3,0
Darwin,Pocillopora_sp,32.5,0.574,B,4,4.5,4.5,0
Darwin,Pocillopora_sp,32.5,0.583,B,5,3.5,3.5,0
Darwin,Pavona_clavus,32.5,0.525,B,1,5,4,-1
Darwin,Pocillopora_sp,32.5,0.519,B,6,5,4,-1
Darwin,Pavona_clavus,32.5,0.485,B,2,3,3,0
Darwin,Pocillopora_sp,32.5,0.536,B,7,3.5,3.5,0
Darwin,Pocillopora_sp,32.5,0.555,B,1,3.5,3.5,0
Darwin,Pavona_clavus,32.5,0.422,B,5,2.5,2.5,0
Darwin,Pavona_clavus,32.5,0.538,B,3,4,3.5,-0.5
Darwin,Pocillopora_sp,32.5,0.544,B,3,3,3,0
Darwin,Pavona_clavus,32.5,0.568,B,4,4,3,-1
Darwin,Pavona_clavus,32.5,0.541,B,6,4,4,0
Darwin,Pavona_clavus,32.5,0.534,B,8,4.5,4.5,0
Darwin,Pavona_clavus,34,NA,B,6,2.5,1,-1.5
Darwin,Pavona_clavus,34,NA,B,1,3,1,-2
Darwin,Pocillopora_sp,34,NA,B,7,5,2,-3
Darwin,Pavona_clavus,34,NA,B,2,3,1.5,-1.5
Darwin,Pavona_clavus,34,NA,B,3,2.5,1,-1.5
Darwin,Pavona_clavus,34,NA,B,5,3,1,-2
Darwin,Pocillopora_sp,34,NA,B,4,3,1,-2
Darwin,Pocillopora_sp,34,NA,B,6,5,1,-4
Darwin,Pavona_clavus,34,NA,B,8,3,1,-2
Darwin,Pocillopora_sp,34,NA,B,3,3.5,1,-2.5
Darwin,Pocillopora_sp,34,NA,B,5,3.5,1,-2.5
Darwin,Pavona_clavus,34,NA,B,4,2.5,1,-1.5
Darwin,Pavona_clavus,34,NA,B,7,3,2.5,-0.5
Darwin,Pocillopora_sp,34,NA,B,8,4,1.5,-2.5
Darwin,Pocillopora_sp,34,NA,B,1,5,3,-2
Darwin,Pocillopora_sp,34,NA,B,2,4.5,3,-1.5
Darwin,Pocillopora_sp,35.5,0.355,B,4,4,1,-3
Darwin,Pavona_clavus,35.5,0.444,B,6,3,1,-2
Darwin,Pavona_clavus,35.5,0.434,B,8,4.5,2.5,-2
Darwin,Pocillopora_sp,35.5,0.449,B,3,3.5,1,-2.5
Darwin,Pavona_clavus,35.5,0.354,B,7,2.5,2,-0.5
Darwin,Pavona_clavus,35.5,0.397,B,3,2.5,1.5,-1
Darwin,Pocillopora_sp,35.5,0.464,B,8,4,2,-2
Darwin,Pocillopora_sp,35.5,0.35,B,6,4,1,-3
Darwin,Pavona_clavus,35.5,0.357,B,4,2.5,1,-1.5
Darwin,Pocillopora_sp,35.5,0.464,B,1,3,1,-2
Darwin,Pocillopora_sp,35.5,0.489,B,5,4.5,1,-3.5
Darwin,Pavona_clavus,35.5,0.449,B,2,3,1,-2
Darwin,Pavona_clavus,35.5,0.493,B,1,5,2.5,-2.5
Darwin,Pocillopora_sp,35.5,0.413,B,2,4,1,-3
Darwin,Pocillopora_sp,35.5,0.352,B,7,4,1,-3
Darwin,Pavona_clavus,35.5,0.418,B,5,1.5,1,-0.5
Darwin,Pocillopora_sp,26,0.5,A,4,3.5,3,-0.5
Darwin,Pavona_clavus,26,0.613,A,8,5,5,0
Darwin,Pocillopora_sp,26,0.577,A,2,3.5,3.5,0
Darwin,Pocillopora_sp,26,0.595,A,5,3,2.5,-0.5
Darwin,Pavona_clavus,26,0.547,A,3,3.5,3.5,0
Darwin,Pavona_clavus,26,0.552,A,6,5,4.5,-0.5
Darwin,Pavona_clavus,26,0.557,A,4,5,4.5,-0.5
Darwin,Pavona_clavus,26,0.589,A,5,4.5,4.5,0
Darwin,Pavona_clavus,26,0.571,A,1,5,5,0
Darwin,Pocillopora_sp,26,0.56,A,1,4,4,0
Darwin,Pocillopora_sp,26,0.565,A,3,5,5,0
Darwin,Pocillopora_sp,26,0.578,A,6,3,3,0
Darwin,Pocillopora_sp,26,0.611,A,8,4,4,0
Darwin,Pavona_clavus,26,0.553,A,7,5,5,0
Darwin,Pavona_clavus,26,0.54,A,2,4,3.5,-0.5
Darwin,Pocillopora_sp,26,0.611,A,3,5,5,0
Darwin,Pavona_clavus,20,0.545,A,3,2.5,2.5,0
Darwin,Pocillopora_sp,20,0.608,A,8,3.5,3.5,0
Darwin,Pocillopora_sp,20,0.57,A,6,3.5,3,-0.5
Darwin,Pocillopora_sp,20,0.564,A,3,3.5,3.5,0
Darwin,Pavona_clavus,20,0.529,A,8,5.5,5.5,0
Darwin,Pavona_clavus,20,0.525,A,5,5,4,-1
Darwin,Pocillopora_sp,20,0.603,A,7,4,4,0
Darwin,Pavona_clavus,20,0.533,A,1,4,3.5,-0.5
Darwin,Pocillopora_sp,20,0.572,A,4,3.5,3.5,0
Darwin,Pavona_clavus,20,0.54,A,6,4,3.5,-0.5
Darwin,Pavona_clavus,20,0.529,A,7,5,5,0
Darwin,Pavona_clavus,20,0.554,A,2,5,5,0
Darwin,Pavona_clavus,20,0.534,A,4,4,3.5,-0.5
Darwin,Pocillopora_sp,20,0.529,A,2,3.5,3.5,0
Darwin,Pocillopora_sp,20,0.605,A,5,5,5,0
Darwin,Pocillopora_sp,20,0.569,A,1,4,4,0
Darwin,Pocillopora_sp,16,0.561,A,5,3.5,3.5,0
Darwin,Pocillopora_sp,16,0.545,A,2,3,2.5,-0.5
Darwin,Pavona_clavus,16,0.546,A,1,5,4.5,-0.5
Darwin,Pocillopora_sp,16,0.52,A,3,3,3,0
Darwin,Pocillopora_sp,16,0.54,A,1,5,5,0
Darwin,Pavona_clavus,16,0.535,A,2,4.5,4.5,0
Darwin,Pavona_clavus,16,0.547,A,3,5,5,0
Darwin,Pocillopora_sp,16,0.514,A,4,4,4,0
Darwin,Pavona_clavus,16,0.531,A,6,5,4,-1
Darwin,Pavona_clavus,16,0.534,A,4,5,4,-1
Darwin,Pocillopora_sp,16,0.449,A,7,2,2,0
Darwin,Pavona_clavus,16,0.528,A,8,4,4,0
Darwin,Pocillopora_sp,16,0.516,A,6,2.5,2.5,0
Darwin,Pocillopora_sp,16,0.578,A,8,4,3.5,-0.5
Darwin,Pavona_clavus,16,0.455,A,7,3,2.5,-0.5
Darwin,Pavona_clavus,16,0.487,A,5,3,2.5,-0.5
Darwin,Pavona_clavus,12,0.343,A,5,2,2,0
Darwin,Pavona_clavus,12,0.539,A,3,4,3.5,-0.5
Darwin,Pavona_clavus,12,0.502,A,1,4,4,0
Darwin,Pavona_clavus,12,0.53,A,2,3,3,0
Darwin,Pocillopora_sp,12,0.571,A,6,3.5,3.5,0
Darwin,Pavona_clavus,12,0.515,A,4,4,4,0
Darwin,Pavona_clavus,12,0.468,A,6,4,3.5,-0.5
Darwin,Pavona_clavus,12,0.504,A,8,4,4,0
Darwin,Pocillopora_sp,12,0.521,A,4,4,3.5,-0.5
Darwin,Pocillopora_sp,12,0.527,A,3,4.5,4,-0.5
Darwin,Pocillopora_sp,12,0.568,A,8,5.5,5,-0.5
Darwin,Pavona_clavus,12,0.558,A,7,3,3,0
Darwin,Pocillopora_sp,12,0.41,A,2,4,4,0
Darwin,Pocillopora_sp,12,0.568,A,5,5,5,0
Darwin,Pocillopora_sp,12,0.516,A,1,4,4,0
Darwin,Pocillopora_sp,12,0.572,A,7,4.5,4,-0.5
Darwin,Pocillopora_sp,26,0.532,B,2,3.5,3.5,0
Darwin,Pocillopora_sp,26,0.584,B,4,4.5,4.5,0
Darwin,Pavona_clavus,26,0.58,B,6,4,4,0
Darwin,Pocillopora_sp,26,0.512,B,5,4,4,0
Darwin,Pocillopora_sp,26,0.62,B,1,4,4,0
Darwin,Pocillopora_sp,26,0.58,B,3,4,3.5,-0.5
Darwin,Pocillopora_sp,26,0.598,B,8,5,5,0
Darwin,Pavona_clavus,26,0.582,B,8,5,5,0
Darwin,Pavona_clavus,26,0.569,B,7,2.5,2.5,0
Darwin,Pavona_clavus,26,0.484,B,5,3,2.5,-0.5
Darwin,Pocillopora_sp,26,0.621,B,7,4,4,0
Darwin,Pavona_clavus,26,0.572,B,2,5,5,0
Darwin,Pavona_clavus,26,0.539,B,3,4,4,0
Darwin,Pocillopora_sp,26,0.579,B,6,3.5,3.5,0
Darwin,Pavona_clavus,26,0.55,B,4,4,4,0
Darwin,Pavona_clavus,26,0.557,B,1,4.5,5,0.5
Darwin,Pavona_clavus,20,0.499,B,3,3,3,0
Darwin,Pavona_clavus,20,0.514,B,1,2.5,2.5,0
Darwin,Pocillopora_sp,20,0.545,B,3,3.5,3,-0.5
Darwin,Pavona_clavus,20,0.507,B,8,5,5,0
Darwin,Pavona_clavus,20,0.543,B,5,4,3.5,-0.5
Darwin,Pocillopora_sp,20,0.541,B,5,4,3,-1
Darwin,Pavona_clavus,20,0.544,B,2,4,4,0
Darwin,Pavona_clavus,20,0.557,B,6,5,4,-1
Darwin,Pocillopora_sp,20,0.535,B,8,4,4,0
Darwin,Pocillopora_sp,20,0.569,B,4,4,4,0
Darwin,Pocillopora_sp,20,0.571,B,1,3.5,3.5,0
Darwin,Pocillopora_sp,20,0.467,B,7,4,4,0
Darwin,Pavona_clavus,20,0.514,B,4,4,3.5,-0.5
Darwin,Pocillopora_sp,20,0.539,B,6,4.5,4,-0.5
Darwin,Pavona_clavus,20,0.586,B,7,4,3.5,-0.5
Darwin,Pocillopora_sp,20,0.624,B,2,3.5,3,-0.5
Darwin,Pocillopora_sp,16,0.551,B,1,4.5,4,-0.5
Darwin,Pavona_clavus,16,0.478,B,2,3,3,0
Darwin,Pocillopora_sp,16,0.527,B,2,4,4,0
Darwin,Pavona_clavus,16,0.524,B,8,4.5,4.5,0
Darwin,Pocillopora_sp,16,0.593,B,5,3.5,3,-0.5
Darwin,Pocillopora_sp,16,0.54,B,3,3,3,0
Darwin,Pocillopora_sp,16,0.54,B,8,3.5,2.5,-1
Darwin,Pocillopora_sp,16,0.568,B,6,2.5,2,-0.5
Darwin,Pavona_clavus,16,0.583,B,7,5,4,-1
Darwin,Pavona_clavus,16,0.538,B,5,3,2.5,-0.5
Darwin,Pocillopora_sp,16,0.52,B,7,4.5,4.5,0
Darwin,Pavona_clavus,16,0.53,B,3,3,3,0
Darwin,Pavona_clavus,16,0.488,B,1,4,3.5,-0.5
Darwin,Pavona_clavus,16,0.543,B,6,3.5,3,-0.5
Darwin,Pavona_clavus,16,0.516,B,4,5,4.5,-0.5
Darwin,Pocillopora_sp,16,0.481,B,4,4.5,4.5,0
Darwin,Pavona_clavus,12,0.523,B,3,5,5,0
Darwin,Pavona_clavus,12,0.508,B,1,5,5,0
Darwin,Pavona_clavus,12,0.508,B,7,3.5,3.5,0
Darwin,Pocillopora_sp,12,0.552,B,4,4,3,-1
Darwin,Pocillopora_sp,12,0.562,B,8,4,3,-1
Darwin,Pavona_clavus,12,0.501,B,8,4,4,0
Darwin,Pavona_clavus,12,0.552,B,2,5,5,0
Darwin,Pocillopora_sp,12,0.533,B,6,5,4,-1
Darwin,Pavona_clavus,12,0.567,B,4,2,1.5,-0.5
Darwin,Pocillopora_sp,12,0.533,B,3,3.5,3,-0.5
Darwin,Pavona_clavus,12,0.512,B,6,4,3,-1
Darwin,Pavona_clavus,12,0.519,B,5,3,3.5,0.5
Darwin,Pocillopora_sp,12,0.528,B,7,4.5,4,-0.5
Darwin,Pocillopora_sp,12,0.553,B,1,4,3.5,-0.5
Darwin,Pocillopora_sp,12,0.593,B,5,5,5,0
Darwin,Pocillopora_sp,12,0.593,B,2,4,3.5,-0.5
Wolf2,Pocillopora_sp,26,0.566,A,1,4.5,4.5,0
Wolf2,Pavona_clavus,26,0.514,A,5,3,3,0
Wolf2,Pavona_clavus,26,0.494,A,2,3,2.5,-0.5
Wolf2,Pavona_clavus,26,0.526,A,1,3,3,0
Wolf2,Pavona_clavus,26,0.533,A,6,5,4.5,-0.5
Wolf2,Pocillopora_sp,26,0.567,A,3,4.5,4.5,0
Wolf2,Pavona_clavus,26,0.523,A,3,3,3,0
Wolf2,Pocillopora_sp,26,0.601,A,5,3.5,3,-0.5
Wolf2,Pocillopora_sp,26,0.643,A,6,5,5,0
Wolf2,Pavona_clavus,26,0.494,A,4,4,3.5,-0.5
Wolf2,Pavona_clavus,26,0.488,A,8,3,3,0
Wolf2,Pocillopora_sp,26,0.63,A,8,3.5,3.5,0
Wolf2,Pocillopora_sp,26,0.572,A,2,5,5,0
Wolf2,Pavona_clavus,26,0.474,A,7,4,4,0
Wolf2,Pocillopora_sp,26,0.585,A,4,4,4,0
Wolf2,Pocillopora_sp,26,0.57,A,7,5,5,0
Wolf2,Pavona_clavus,32.5,0.528,A,6,5,5,0
Wolf2,Pavona_clavus,32.5,0.482,A,2,3,3,0
Wolf2,Pocillopora_sp,32.5,0.584,A,5,4.5,4.5,0
Wolf2,Pocillopora_sp,32.5,0.575,A,6,5,5,0
Wolf2,Pavona_clavus,32.5,0.448,A,7,3,3,0
Wolf2,Pavona_clavus,32.5,0.505,A,3,4,4,0
Wolf2,Pavona_clavus,32.5,0.482,A,8,3,3,0
Wolf2,Pavona_clavus,32.5,0.483,A,4,4,3.5,-0.5
Wolf2,Pocillopora_sp,32.5,0.56,A,7,5,5,0
Wolf2,Pavona_clavus,32.5,0.466,A,5,3,3,0
Wolf2,Pocillopora_sp,32.5,0.517,A,2,4.5,4.5,0
Wolf2,Pocillopora_sp,32.5,0.514,A,3,5,5,0
Wolf2,Pocillopora_sp,32.5,0.538,A,8,3.5,3.5,0
Wolf2,Pocillopora_sp,32.5,0.598,A,4,4,4,0
Wolf2,Pavona_clavus,32.5,0.494,A,1,4,3,-1
Wolf2,Pocillopora_sp,32.5,0.542,A,1,4,4,0
Wolf2,Pavona_clavus,34,0.528,A,1,4,3,-1
Wolf2,Pocillopora_sp,34,0.572,A,7,4.5,4.5,0
Wolf2,Pocillopora_sp,34,0.557,A,2,5,5,0
Wolf2,Pocillopora_sp,34,0.575,A,3,4.5,4,-0.5
Wolf2,Pocillopora_sp,34,0.449,A,1,3.5,3.5,0
Wolf2,Pavona_clavus,34,0.455,A,7,3,3,0
Wolf2,Pavona_clavus,34,0.51,A,5,3.5,3.5,0
Wolf2,Pavona_clavus,34,0.456,A,2,3,3,0
Wolf2,Pavona_clavus,34,0.508,A,6,5,4.5,-0.5
Wolf2,Pavona_clavus,34,0.476,A,3,4,3.5,-0.5
Wolf2,Pavona_clavus,34,0.484,A,4,4,3.5,-0.5
Wolf2,Pocillopora_sp,34,0.595,A,8,4.5,4,-0.5
Wolf2,Pocillopora_sp,34,0.599,A,6,4,4,0
Wolf2,Pocillopora_sp,34,0.545,A,5,4,4,0
Wolf2,Pocillopora_sp,34,0.569,A,4,5,4,-1
Wolf2,Pavona_clavus,34,0.483,A,8,3.5,3,-0.5
Wolf2,Pavona_clavus,35.5,0.4,A,7,4,2.5,-1.5
Wolf2,Pavona_clavus,35.5,0.498,A,6,4.5,3,-1.5
Wolf2,Pocillopora_sp,35.5,0.505,A,2,4,1,-3
Wolf2,Pocillopora_sp,35.5,0.487,A,1,3.5,3,-0.5
Wolf2,Pocillopora_sp,35.5,0.481,A,7,4.5,1,-3.5
Wolf2,Pavona_clavus,35.5,0.47,A,1,3.5,1,-2.5
Wolf2,Pocillopora_sp,35.5,0.463,A,5,3,1,-2
Wolf2,Pavona_clavus,35.5,0.423,A,3,3.5,1.5,-2
Wolf2,Pavona_clavus,35.5,0.442,A,8,3.5,3.5,0
Wolf2,Pocillopora_sp,35.5,0.465,A,8,5,3,-2
Wolf2,Pocillopora_sp,35.5,0.57,A,6,4,2.5,-1.5
Wolf2,Pocillopora_sp,35.5,0.525,A,3,4,1.5,-2.5
Wolf2,Pocillopora_sp,35.5,0.461,A,4,4,1,-3
Wolf2,Pavona_clavus,35.5,0.393,A,2,3,1.5,-1.5
Wolf2,Pavona_clavus,35.5,0.453,A,4,4,2,-2
Wolf2,Pavona_clavus,35.5,0.474,A,5,4,2.5,-1.5
Wolf2,Pocillopora_sp,26,0.587,B,1,5,5,0
Wolf2,Pocillopora_sp,26,0.558,B,3,4,4,0
Wolf2,Pavona_clavus,26,0.502,B,2,3,2.5,-0.5
Wolf2,Pavona_clavus,26,0.512,B,8,4,4,0
Wolf2,Pocillopora_sp,26,0.579,B,8,3,3,0
Wolf2,Pavona_clavus,26,0.488,B,4,4,4,0
Wolf2,Pocillopora_sp,26,0.574,B,7,5,5,0
Wolf2,Pavona_clavus,26,0.538,B,6,5,5,0
Wolf2,Pocillopora_sp,26,0.601,B,4,4.5,4.5,0
Wolf2,Pavona_clavus,26,0.51,B,1,3.5,3,-0.5
Wolf2,Pocillopora_sp,26,0.581,B,6,4.5,4.5,0
Wolf2,Pocillopora_sp,26,0.56,B,5,3,2.5,-0.5
Wolf2,Pavona_clavus,26,0.43,B,7,4,4,0
Wolf2,Pocillopora_sp,26,0.598,B,2,4,3.5,-0.5
Wolf2,Pavona_clavus,26,0.526,B,3,4.5,4.5,0
Wolf2,Pavona_clavus,26,0.581,B,5,4,4,0
Wolf2,Pavona_clavus,32.5,0.483,B,5,3.5,3.5,0
Wolf2,Pavona_clavus,32.5,0.487,B,8,3,3,0
Wolf2,Pavona_clavus,32.5,0.507,B,1,4,3.5,-0.5
Wolf2,Pavona_clavus,32.5,0.483,B,6,5,5,0
Wolf2,Pocillopora_sp,32.5,0.555,B,1,4,4,0
Wolf2,Pavona_clavus,32.5,0.51,B,3,4,4,0
Wolf2,Pocillopora_sp,32.5,0.569,B,8,5,5,0
Wolf2,Pocillopora_sp,32.5,0.578,B,3,4.5,4.5,0
Wolf2,Pocillopora_sp,32.5,0.558,B,7,4.5,4.5,0
Wolf2,Pocillopora_sp,32.5,0.562,B,4,3,3,0
Wolf2,Pavona_clavus,32.5,0.513,B,2,3,3,0
Wolf2,Pavona_clavus,32.5,0.449,B,7,4,4,0
Wolf2,Pocillopora_sp,32.5,0.575,B,6,4,3.5,-0.5
Wolf2,Pocillopora_sp,32.5,0.563,B,5,3,4,1
Wolf2,Pavona_clavus,32.5,0.472,B,4,4,4,0
Wolf2,Pocillopora_sp,32.5,0.529,B,2,4.5,4.5,0
Wolf2,Pavona_clavus,34,0.471,B,8,3.5,3,-0.5
Wolf2,Pavona_clavus,34,0.541,B,3,3.5,3,-0.5
Wolf2,Pavona_clavus,34,0.496,B,2,3,2.5,-0.5
Wolf2,Pavona_clavus,34,0.495,B,6,5,4,-1
Wolf2,Pocillopora_sp,34,0.577,B,4,5,4.5,-0.5
Wolf2,Pocillopora_sp,34,0.542,B,2,4.5,4.5,0
Wolf2,Pocillopora_sp,34,0.571,B,7,4.5,4.5,0
Wolf2,Pocillopora_sp,34,0.555,B,6,5,4.5,-0.5
Wolf2,Pocillopora_sp,34,0.525,B,1,3.5,3.5,0
Wolf2,Pavona_clavus,34,0.452,B,4,4,3,-1
Wolf2,Pavona_clavus,34,0.42,B,7,4,3,-1
Wolf2,Pavona_clavus,34,0.512,B,1,4,3,-1
Wolf2,Pocillopora_sp,34,0.568,B,8,3,2.5,-0.5
Wolf2,Pocillopora_sp,34,0.56,B,3,5,5,0
Wolf2,Pocillopora_sp,34,0.582,B,5,3.5,3,-0.5
Wolf2,Pavona_clavus,34,0.451,B,5,3.5,3.5,0
Wolf2,Pavona_clavus,35.5,0.455,B,6,5,3,-2
Wolf2,Pavona_clavus,35.5,0.358,B,5,4,1,-3
Wolf2,Pavona_clavus,35.5,0.427,B,3,4,2,-2
Wolf2,Pavona_clavus,35.5,0.406,B,2,3.5,2,-1.5
Wolf2,Pocillopora_sp,35.5,0.404,B,8,3.5,2.5,-1
Wolf2,Pocillopora_sp,35.5,0.472,B,7,4,1,-3
Wolf2,Pocillopora_sp,35.5,0.559,B,6,4,1.5,-2.5
Wolf2,Pocillopora_sp,35.5,0.588,B,5,4,1,-3
Wolf2,Pocillopora_sp,35.5,0.486,B,3,4,2,-2
Wolf2,Pocillopora_sp,35.5,0.508,B,4,4,1,-3
Wolf2,Pocillopora_sp,35.5,0.412,B,2,3.5,1,-2.5
Wolf2,Pavona_clavus,35.5,0.501,B,1,3.5,1,-2.5
Wolf2,Pocillopora_sp,35.5,0.519,B,1,4,1.5,-2.5
Wolf2,Pavona_clavus,35.5,0.343,B,7,4,3,-1
Wolf2,Pavona_clavus,35.5,0.414,B,8,4.5,3,-1.5
Wolf2,Pavona_clavus,35.5,0.4,B,4,4,2.5,-1.5
Wolf2,Pocillopora_sp,26,0.58,A,4,5,5,0
Wolf2,Pocillopora_sp,26,0.582,A,5,4,4,0
Wolf2,Pavona_clavus,26,0.515,A,8,2.5,2.5,0
Wolf2,Pavona_clavus,26,0.512,A,6,4,4,0
Wolf2,Pocillopora_sp,26,0.521,A,1,4,4,0
Wolf2,Pavona_clavus,26,NA,A,5,3,2.5,-0.5
Wolf2,Pocillopora_sp,26,0.605,A,6,3.5,3.5,0
Wolf2,Pavona_clavus,26,0.59,A,1,2,3,1
Wolf2,Pocillopora_sp,26,0.586,A,2,4.5,4.5,0
Wolf2,Pocillopora_sp,26,0.542,A,8,3.5,3.5,0
Wolf2,Pavona_clavus,26,NA,A,4,3,NA,NA
Wolf2,Pavona_clavus,26,0.544,A,3,4,4,0
Wolf2,Pocillopora_sp,26,0.537,A,3,3.5,3.5,0
Wolf2,Pavona_clavus,26,0.529,A,7,3.5,3.5,0
Wolf2,Pavona_clavus,26,0.446,A,2,3,3,0
Wolf2,Pocillopora_sp,26,0.512,A,7,5,5,0
Wolf2,Pocillopora_sp,20,0.565,A,4,5,5,0
Wolf2,Pavona_clavus,20,0.508,A,1,2,2,0
Wolf2,Pocillopora_sp,20,0.506,A,8,5,5,0
Wolf2,Pavona_clavus,20,0.427,A,8,2.5,2.5,0
Wolf2,Pocillopora_sp,20,0.639,A,6,3,3,0
Wolf2,Pavona_clavus,20,0.532,A,6,5,5,0
Wolf2,Pavona_clavus,20,0.49,A,5,5,4.5,-0.5
Wolf2,Pocillopora_sp,20,0.517,A,5,4.5,4.5,0
Wolf2,Pocillopora_sp,20,0.479,A,7,4,3.5,-0.5
Wolf2,Pocillopora_sp,20,0.555,A,3,4,4,0
Wolf2,Pavona_clavus,20,0.457,A,2,4,3,-1
Wolf2,Pocillopora_sp,20,0.524,A,2,4.5,4,-0.5
Wolf2,Pavona_clavus,20,0.497,A,7,4,4,0
Wolf2,Pavona_clavus,20,0.526,A,3,3.5,3.5,0
Wolf2,Pavona_clavus,20,0.512,A,4,3,2.5,-0.5
Wolf2,Pocillopora_sp,20,0.57,A,1,5,4.5,-0.5
Wolf2,Pavona_clavus,16,0.525,A,5,4,4,0
Wolf2,Pavona_clavus,16,0.5,A,1,4,4,0
Wolf2,Pocillopora_sp,16,0.499,A,5,5,4,-1
Wolf2,Pocillopora_sp,16,0.541,A,3,5,5,0
Wolf2,Pavona_clavus,16,0.542,A,6,5,4.5,-0.5
Wolf2,Pavona_clavus,16,0.397,A,2,3,3,0
Wolf2,Pocillopora_sp,16,0.417,A,8,3,2.5,-0.5
Wolf2,Pavona_clavus,16,0.505,A,4,4.5,4,-0.5
Wolf2,Pavona_clavus,16,0.439,A,8,3,3,0
Wolf2,Pocillopora_sp,16,0.533,A,2,5,5,0
Wolf2,Pocillopora_sp,16,0.52,A,1,5,5,0
Wolf2,Pocillopora_sp,16,0.524,A,6,4,4,0
Wolf2,Pocillopora_sp,16,0.544,A,7,3,3,0
Wolf2,Pocillopora_sp,16,0.554,A,4,5,5,0
Wolf2,Pavona_clavus,16,0.539,A,3,4,3,-1
Wolf2,Pavona_clavus,16,0.448,A,7,4,3,-1
Wolf2,Pocillopora_sp,12,0.468,A,7,4,4,0
Wolf2,Pocillopora_sp,12,0.554,A,2,5,5,0
Wolf2,Pavona_clavus,12,0.531,A,3,4,3.5,-0.5
Wolf2,Pocillopora_sp,12,0.505,A,3,5,4,-1
Wolf2,Pocillopora_sp,12,0.544,A,1,5.5,5,-0.5
Wolf2,Pavona_clavus,12,0.482,A,8,4,3,-1
Wolf2,Pavona_clavus,12,0.511,A,1,3,3,0
Wolf2,Pocillopora_sp,12,0.54,A,8,4,3,-1
Wolf2,Pavona_clavus,12,0.509,A,6,5,4.5,-0.5
Wolf2,Pavona_clavus,12,0.506,A,4,4,3,-1
Wolf2,Pavona_clavus,12,0.481,A,5,4,3,-1
Wolf2,Pocillopora_sp,12,0.509,A,4,3.5,3.5,0
Wolf2,Pocillopora_sp,12,0.492,A,5,5,5,0
Wolf2,Pavona_clavus,12,0.397,A,7,3,2,-1
Wolf2,Pavona_clavus,12,0.433,A,2,3,2,-1
Wolf2,Pocillopora_sp,12,0.546,A,6,4,4,0
Wolf2,Pavona_clavus,26,0.588,B,7,4,3.5,-0.5
Wolf2,Pavona_clavus,26,0.512,B,2,2.5,2.5,0
Wolf2,Pocillopora_sp,26,0.559,B,2,4,4,0
Wolf2,Pavona_clavus,26,0.553,B,6,4,4,0
Wolf2,Pavona_clavus,26,0.57,B,3,4,4,0
Wolf2,Pavona_clavus,26,NA,B,1,2,2,0
Wolf2,Pocillopora_sp,26,0.577,B,3,3.5,3.5,0
Wolf2,Pocillopora_sp,26,0.503,B,6,3,3,0
Wolf2,Pocillopora_sp,26,0.606,B,5,5,5,0
Wolf2,Pavona_clavus,26,0.521,B,8,2,2,0
Wolf2,Pocillopora_sp,26,0.536,B,1,4,4,0
Wolf2,Pavona_clavus,26,0.512,B,5,3,3,0
Wolf2,Pocillopora_sp,26,0.573,B,7,4,4,0
Wolf2,Pavona_clavus,26,0.512,B,4,3,3,0
Wolf2,Pocillopora_sp,26,0.622,B,8,4.5,4.5,0
Wolf2,Pocillopora_sp,26,0.615,B,4,4,4,0
Wolf2,Pavona_clavus,20,0.507,B,5,4,4,0
Wolf2,Pavona_clavus,20,0.508,B,2,4,4,0
Wolf2,Pocillopora_sp,20,0.543,B,8,5,5,0
Wolf2,Pavona_clavus,20,0.508,B,3,4,4,0
Wolf2,Pocillopora_sp,20,0.533,B,2,4,4,0
Wolf2,Pavona_clavus,20,0.526,B,4,4,4,0
Wolf2,Pocillopora_sp,20,0.544,B,4,4,4,0
Wolf2,Pocillopora_sp,20,0.547,B,3,3.5,3.5,0
Wolf2,Pavona_clavus,20,0.539,B,6,4,4,0
Wolf2,Pavona_clavus,20,0.538,B,1,3,3,0
Wolf2,Pocillopora_sp,20,0.617,B,6,4,4,0
Wolf2,Pavona_clavus,20,0.482,B,7,4,4,0
Wolf2,Pavona_clavus,20,0.524,B,8,3,3,0
Wolf2,Pocillopora_sp,20,0.578,B,5,5,5,0
Wolf2,Pocillopora_sp,20,0.539,B,1,4,4,0
Wolf2,Pocillopora_sp,20,0.581,B,7,3,3,0
Wolf2,Pavona_clavus,16,0.47,B,1,3,3,0
Wolf2,Pavona_clavus,16,0.511,B,5,4,4,0
Wolf2,Pocillopora_sp,16,0.515,B,5,3,3,0
Wolf2,Pavona_clavus,16,0.549,B,6,4,4,0
Wolf2,Pocillopora_sp,16,0.519,B,4,4,4,0
Wolf2,Pocillopora_sp,16,0.52,B,1,3.5,3.5,0
Wolf2,Pocillopora_sp,16,0.588,B,7,5,5,0
Wolf2,Pavona_clavus,16,0.481,B,3,4,4,0
Wolf2,Pocillopora_sp,16,0.526,B,3,5,5,0
Wolf2,Pavona_clavus,16,0.475,B,2,4.5,4.5,0
Wolf2,Pavona_clavus,16,0.46,B,7,3,3,0
Wolf2,Pavona_clavus,16,0.489,B,8,4,4,0
Wolf2,Pocillopora_sp,16,0.569,B,8,5,5,0
Wolf2,Pavona_clavus,16,0.485,B,4,4,4,0
Wolf2,Pocillopora_sp,16,0.505,B,2,5,5,0
Wolf2,Pocillopora_sp,16,0.553,B,6,3,3,0
Wolf2,Pavona_clavus,12,0.523,B,1,4,4,0
Wolf2,Pavona_clavus,12,0.465,B,8,4,3.5,-0.5
Wolf2,Pocillopora_sp,12,0.591,B,5,3,3,0
Wolf2,Pocillopora_sp,12,0.51,B,1,5,5,0
Wolf2,Pavona_clavus,12,0.504,B,7,4,4,0
Wolf2,Pavona_clavus,12,0.48,B,3,3,3,0
Wolf2,Pocillopora_sp,12,0.538,B,8,4,4,0
Wolf2,Pavona_clavus,12,0.491,B,4,3.5,3,-0.5
Wolf2,Pocillopora_sp,12,0.468,B,7,3.5,3.5,0
Wolf2,Pocillopora_sp,12,0.515,B,4,5,5,0
Wolf2,Pavona_clavus,12,0.486,B,5,3.5,3,-0.5
Wolf2,Pavona_clavus,12,0.455,B,2,3,2.5,-0.5
Wolf2,Pocillopora_sp,12,0.518,B,3,4,3.5,-0.5
Wolf2,Pocillopora_sp,12,0.569,B,6,5,4.5,-0.5
Wolf2,Pocillopora_sp,12,0.62,B,2,5,5,0
Wolf2,Pavona_clavus,12,0.517,B,6,4,4,0
AcademyBay,Pocillopora_sp,26,0.586,A,4,3,3,0
AcademyBay,Pocillopora_sp,26,0.591,A,7,3.5,3.5,0
AcademyBay,Pavona_clavus,26,0.545,A,5,5,5,0
AcademyBay,Pocillopora_sp,26,0.5,A,3,3,3,0
AcademyBay,Pocillopora_sp,26,0.508,A,8,3,3,0
AcademyBay,Pavona_clavus,26,0.526,A,7,4,4,0
AcademyBay,Pocillopora_sp,26,0.543,A,5,3,2.5,-0.5
AcademyBay,Pavona_clavus,26,0.512,A,6,6,6,0
AcademyBay,Pocillopora_sp,26,0.509,A,1,2.5,2.5,0
AcademyBay,Pocillopora_sp,26,0.544,A,6,3.5,3.5,0
AcademyBay,Pocillopora_sp,26,0.544,A,2,3,3,0
AcademyBay,Pavona_clavus,26,0.524,A,8,5,5,0
AcademyBay,Pavona_clavus,26,0.537,A,1,5,5,0
AcademyBay,Pocillopora_sp,32.5,0.542,A,1,4,4,0
AcademyBay,Pocillopora_sp,32.5,0.581,A,2,3,3,0
AcademyBay,Pocillopora_sp,32.5,0.567,A,4,3,3,0
AcademyBay,Pocillopora_sp,32.5,0.544,A,3,4,4,0
AcademyBay,Pavona_clavus,32.5,0.501,A,1,4,4,0
AcademyBay,Pavona_clavus,32.5,0.495,A,6,6,6,0
AcademyBay,Pavona_clavus,32.5,0.51,A,8,5,5,0
AcademyBay,Pocillopora_sp,32.5,0.528,A,8,3,3,0
AcademyBay,Pocillopora_sp,32.5,0.568,A,7,4,3.5,-0.5
AcademyBay,Pavona_clavus,32.5,0.54,A,7,5,4.5,-0.5
AcademyBay,Pocillopora_sp,32.5,0.646,A,6,3,3,0
AcademyBay,Pocillopora_sp,32.5,0.574,A,5,3.5,3.5,0
AcademyBay,Pavona_clavus,32.5,0.493,A,6,5,5,0
AcademyBay,Pocillopora_sp,34,0.474,A,2,3.5,3.5,0
AcademyBay,Pocillopora_sp,34,0.52,A,6,4,4,0
AcademyBay,Pocillopora_sp,34,0.517,A,8,4,4,0
AcademyBay,Pocillopora_sp,34,0.522,A,4,3.5,3.5,0
AcademyBay,Pocillopora_sp,34,0.533,A,1,4,4,0
AcademyBay,Pavona_clavus,34,0.469,A,6,5,4,-1
AcademyBay,Pavona_clavus,34,0.429,A,5,5,5,0
AcademyBay,Pavona_clavus,34,0.524,A,7,4,3.5,-0.5
AcademyBay,Pocillopora_sp,34,0.503,A,5,5,5,0
AcademyBay,Pavona_clavus,34,0.523,A,8,4,4,0
AcademyBay,Pocillopora_sp,34,0.564,A,3,3,3,0
AcademyBay,Pocillopora_sp,34,0.64,A,7,5,5,0
AcademyBay,Pavona_clavus,34,0.509,A,1,4,2.5,-1.5
AcademyBay,Pocillopora_sp,35.5,0.372,A,3,4,4,0
AcademyBay,Pavona_clavus,35.5,0.396,A,6,6,1.5,-4.5
AcademyBay,Pavona_clavus,35.5,0.434,A,7,3,1.5,-1.5
AcademyBay,Pocillopora_sp,35.5,0.373,A,4,4,4,0
AcademyBay,Pocillopora_sp,35.5,0.485,A,5,4.5,4.5,0
AcademyBay,Pavona_clavus,35.5,0.454,A,1,3,1,-2
AcademyBay,Pocillopora_sp,35.5,0.555,A,1,3,1,-2
AcademyBay,Pocillopora_sp,35.5,0.449,A,6,3.5,3.5,0
AcademyBay,Pavona_clavus,35.5,0.485,A,8,4,2,-2
AcademyBay,Pocillopora_sp,35.5,0.461,A,2,3,3,0
AcademyBay,Pocillopora_sp,35.5,0.426,A,8,3.5,2,-1.5
AcademyBay,Pocillopora_sp,35.5,0.439,A,7,3,2.5,-0.5
AcademyBay,Pavona_clavus,35.5,0.443,A,5,4,2,-2
AcademyBay,Pavona_clavus,35.5,0.478,A,7,4,2.5,-1.5
AcademyBay,Pocillopora_sp,26,0.602,B,4,3.5,3.5,0
AcademyBay,Pocillopora_sp,26,0.514,B,6,4.5,4.5,0
AcademyBay,Pocillopora_sp,26,0.506,B,1,4,3.5,-0.5
AcademyBay,Pocillopora_sp,26,0.512,B,5,4,3.5,-0.5
AcademyBay,Pocillopora_sp,26,0.554,B,2,4,3.5,-0.5
AcademyBay,Pavona_clavus,26,0.538,B,1,4,4,0
AcademyBay,Pocillopora_sp,26,0.556,B,7,5,5,0
AcademyBay,Pavona_clavus,26,0.536,B,6,6,6,0
AcademyBay,Pavona_clavus,26,0.566,B,5,6,6,0
AcademyBay,Pavona_clavus,26,0.54,B,8,5,5,0
AcademyBay,Pocillopora_sp,26,0.567,B,8,4,4,0
AcademyBay,Pocillopora_sp,26,0.578,B,3,4,4,0
AcademyBay,Pavona_clavus,32.5,0.52,B,6,5.5,5,-0.5
AcademyBay,Pocillopora_sp,32.5,0.54,B,8,3.5,3.5,0
AcademyBay,Pavona_clavus,32.5,0.509,B,8,5,5,0
AcademyBay,Pocillopora_sp,32.5,0.524,B,2,3,3,0
AcademyBay,Pocillopora_sp,32.5,0.587,B,4,3.5,3.5,0
AcademyBay,Pocillopora_sp,32.5,0.574,B,1,3.5,3.5,0
AcademyBay,Pocillopora_sp,32.5,0.587,B,7,3.5,3.5,0
AcademyBay,Pavona_clavus,32.5,0.519,B,7,4,3.5,-0.5
AcademyBay,Pocillopora_sp,32.5,0.54,B,6,3,3,0
AcademyBay,Pavona_clavus,32.5,0.54,B,1,3.5,3,-0.5
AcademyBay,Pavona_clavus,32.5,0.525,B,5,5.5,5,-0.5
AcademyBay,Pocillopora_sp,32.5,0.555,B,3,4,3.5,-0.5
AcademyBay,Pocillopora_sp,32.5,0.581,B,5,4,4,0
AcademyBay,Pocillopora_sp,34,0.506,B,1,4,4,0
AcademyBay,Pocillopora_sp,34,0.519,B,3,3.5,3.5,0
AcademyBay,Pocillopora_sp,34,0.54,B,5,4,4,0
AcademyBay,Pavona_clavus,34,0.496,B,5,5,4.5,-0.5
AcademyBay,Pocillopora_sp,34,0.576,B,8,3.5,3,-0.5
AcademyBay,Pocillopora_sp,34,0.516,B,2,2.5,2.5,0
AcademyBay,Pocillopora_sp,34,0.53,B,6,3.5,3,-0.5
AcademyBay,Pavona_clavus,34,0.487,B,1,4,2.5,-1.5
AcademyBay,Pocillopora_sp,34,0.494,B,4,4,3.5,-0.5
AcademyBay,Pavona_clavus,34,0.497,B,6,5,3.5,-1.5
AcademyBay,Pavona_clavus,34,0.567,B,8,4,3,-1
AcademyBay,Pavona_clavus,34,0.509,B,7,5,5,0
AcademyBay,Pocillopora_sp,34,0.501,B,7,4,4,0
AcademyBay,Pavona_clavus,35.5,0.401,B,5,2,1,-1
AcademyBay,Pocillopora_sp,35.5,0.413,B,8,3,1,-2
AcademyBay,Pavona_clavus,35.5,0.459,B,8,2,2,0
AcademyBay,Pocillopora_sp,35.5,0.451,B,2,3.5,1,-2.5
AcademyBay,Pocillopora_sp,35.5,0.446,B,6,3,1,-2
AcademyBay,Pocillopora_sp,35.5,0.456,B,5,4.5,1,-3.5
AcademyBay,Pocillopora_sp,35.5,0.419,B,4,3,2,-1
AcademyBay,Pavona_clavus,35.5,0.515,B,6,2,1,-1
AcademyBay,Pocillopora_sp,35.5,0.452,B,1,3.5,1,-2.5
AcademyBay,Pocillopora_sp,35.5,0.393,B,3,4,1.5,-2.5
AcademyBay,Pocillopora_sp,35.5,0.412,B,7,3.5,1,-2.5
AcademyBay,Pavona_clavus,35.5,0.493,B,7,5,3,-2
AcademyBay,Pavona_clavus,35.5,0.471,B,1,2,1,-1
AcademyBay,Pocillopora_sp,26,0.613,A,1,4,4,0
AcademyBay,Pocillopora_sp,26,0.55,A,6,4.5,4.5,0
AcademyBay,Pocillopora_sp,26,0.6,A,4,4,4,0
AcademyBay,Pavona_clavus,26,0.538,A,7,4.5,4,-0.5
AcademyBay,Pavona_clavus,26,0.524,A,1,5,5,0
AcademyBay,Pocillopora_sp,26,0.61,A,5,4,4,0
AcademyBay,Pocillopora_sp,26,0.626,A,7,4,4,0
AcademyBay,Pocillopora_sp,26,0.634,A,2,3.5,3.5,0
AcademyBay,Pocillopora_sp,26,0.528,A,3,3.5,3.5,0
AcademyBay,Pavona_clavus,26,0.568,A,8,4,4,0
AcademyBay,Pocillopora_sp,26,0.546,A,8,3.5,3.5,0
AcademyBay,Pavona_clavus,26,0.525,A,6,6,6,0
AcademyBay,Pavona_clavus,26,0.538,A,5,5,5,0
AcademyBay,Pavona_clavus,26,0.573,B,1,4,4,0
AcademyBay,Pocillopora_sp,26,0.596,B,2,3.5,3,-0.5
AcademyBay,Pocillopora_sp,26,0.597,B,6,4,3.5,-0.5
AcademyBay,Pocillopora_sp,26,0.599,B,3,4,4,0
AcademyBay,Pocillopora_sp,26,0.596,B,4,4,4,0
AcademyBay,Pavona_clavus,26,0.567,B,6,5,5,0
AcademyBay,Pocillopora_sp,26,0.562,B,1,3,3,0
AcademyBay,Pocillopora_sp,26,0.613,B,5,5,5,0
AcademyBay,Pavona_clavus,26,0.553,B,7,5,5,0
AcademyBay,Pocillopora_sp,26,0.605,B,7,4,4,0
AcademyBay,Pocillopora_sp,26,0.562,B,8,4,4,0
AcademyBay,Pavona_clavus,26,0.556,B,5,5,5,0
AcademyBay,Pavona_clavus,20,0.494,B,8,5,5,0
AcademyBay,Pocillopora_sp,20,0.577,B,8,3.5,3.5,0
AcademyBay,Pavona_clavus,20,0.542,B,1,3,3,0
AcademyBay,Pavona_clavus,20,0.539,B,7,5,5,0
AcademyBay,Pocillopora_sp,20,0.514,B,6,2.5,2.5,0
AcademyBay,Pavona_clavus,20,0.55,B,6,5,5,0
AcademyBay,Pavona_clavus,20,0.495,B,5,4,4,0
AcademyBay,Pocillopora_sp,20,0.523,B,5,5,5,0
AcademyBay,Pocillopora_sp,20,0.598,B,4,3,3,0
AcademyBay,Pocillopora_sp,20,0.592,B,7,4.5,4,-0.5
AcademyBay,Pocillopora_sp,20,0.513,B,2,3,3,0
AcademyBay,Pocillopora_sp,20,0.593,B,3,3.5,3.5,0
AcademyBay,Pocillopora_sp,20,0.593,B,1,4,4,0
AcademyBay,Pocillopora_sp,12,0.414,B,2,6,5,-1
AcademyBay,Pavona_clavus,12,0.408,B,8,3,2,-1
AcademyBay,Pocillopora_sp,12,0.547,B,6,4,3,-1
AcademyBay,Pavona_clavus,12,0.402,B,6,4.5,4,-0.5
AcademyBay,Pocillopora_sp,12,0.432,B,8,2.5,2,-0.5
AcademyBay,Pavona_clavus,12,0.436,B,7,3.5,2,-1.5
AcademyBay,Pocillopora_sp,12,0.467,B,3,3,3,0
AcademyBay,Pavona_clavus,12,0.421,B,5,3,2.5,-0.5
AcademyBay,Pocillopora_sp,12,0.381,B,7,3,2.5,-0.5
AcademyBay,Pocillopora_sp,12,0.41,B,1,3,2.5,-0.5
AcademyBay,Pocillopora_sp,12,0.439,B,4,3,2.5,-0.5
AcademyBay,Pocillopora_sp,12,0.461,B,5,3,3,0
AcademyBay,Pavona_clavus,12,0.436,B,1,2,1,-1
